ID-Months,KG_N
1000-2019_Ağustos,0.844224214553833
1000-2019_Aralık,1.0737665891647339
1000-2019_Ekim,0.9954044818878174
1000-2019_Eylül,0.9734243750572205
1000-2019_Kasım,0.7274532914161682
1001-2019_Ağustos,0.8429130911827087
1001-2019_Aralık,1.073114275932312
1001-2019_Ekim,0.998249888420105
1001-2019_Eylül,0.9703053832054138
1001-2019_Kasım,0.7256758213043213
1002-2019_Ağustos,0.8540017008781433
1002-2019_Aralık,1.0820114612579346
1002-2019_Ekim,0.9932137727737427
1002-2019_Eylül,0.9871110916137695
1002-2019_Kasım,0.7418016791343689
1003-2019_Ağustos,0.8496922254562378
1003-2019_Aralık,1.0794183015823364
1003-2019_Ekim,0.9954870343208313
1003-2019_Eylül,0.9806093573570251
1003-2019_Kasım,0.7377561926841736
1004-2019_Ağustos,0.8567363023757935
1004-2019_Aralık,1.0849696397781372
1004-2019_Ekim,0.9927271008491516
1004-2019_Eylül,0.9902042150497437
1004-2019_Kasım,0.7465959191322327
1005-2019_Ağustos,0.8558884859085083
1005-2019_Aralık,1.0828149318695068
1005-2019_Ekim,0.9935294985771179
1005-2019_Eylül,0.9901492595672607
1005-2019_Kasım,0.7420119047164917
1006-2019_Ağustos,0.8438137769699097
1006-2019_Aralık,1.0748544931411743
1006-2019_Ekim,0.9997339844703674
1006-2019_Eylül,0.9701147675514221
1006-2019_Kasım,0.7287133932113647
1007-2019_Ağustos,0.9292575120925903
1007-2019_Aralık,1.0073350667953491
1007-2019_Ekim,1.102570652961731
1007-2019_Eylül,0.8525956869125366
1007-2019_Kasım,0.7407336235046387
1008-2019_Ağustos,0.8931289911270142
1008-2019_Aralık,1.09372878074646
1008-2019_Ekim,1.0499345064163208
1008-2019_Eylül,0.9591308236122131
1008-2019_Kasım,0.7878507375717163
1009-2019_Ağustos,0.8463832139968872
1009-2019_Aralık,1.0768067836761475
1009-2019_Ekim,1.0103294849395752
1009-2019_Eylül,0.9633080959320068
1009-2019_Kasım,0.7327779531478882
1010-2019_Ağustos,0.8508604764938354
1010-2019_Aralık,1.0799672603607178
1010-2019_Ekim,1.0167598724365234
1010-2019_Eylül,0.9640891551971436
1010-2019_Kasım,0.7374231815338135
1011-2019_Ağustos,0.8440015912055969
1011-2019_Aralık,1.0757209062576294
1011-2019_Ekim,1.0049735307693481
1011-2019_Eylül,0.966789960861206
1011-2019_Kasım,0.7294590473175049
1012-2019_Ağustos,0.8434170484542847
1012-2019_Aralık,1.0743991136550903
1012-2019_Ekim,0.9999493956565857
1012-2019_Eylül,0.9688998460769653
1012-2019_Kasım,0.728484570980072
1013-2019_Ağustos,0.8794228434562683
1013-2019_Aralık,1.091884970664978
1013-2019_Ekim,1.0411773920059204
1013-2019_Eylül,0.9612229466438293
1013-2019_Kasım,0.772910475730896
1014-2019_Ağustos,0.8605978488922119
1014-2019_Aralık,1.0879788398742676
1014-2019_Ekim,1.026593565940857
1014-2019_Eylül,0.9644311666488647
1014-2019_Kasım,0.7530955672264099
1015-2019_Ağustos,0.8449646234512329
1015-2019_Aralık,1.0781903266906738
1015-2019_Ekim,1.0061525106430054
1015-2019_Eylül,0.9653404951095581
1015-2019_Kasım,0.7339441776275635
1016-2019_Ağustos,0.8436710238456726
1016-2019_Aralık,1.074302077293396
1016-2019_Ekim,0.9998900294303894
1016-2019_Eylül,0.9700160026550293
1016-2019_Kasım,0.7280786037445068
1017-2019_Ağustos,0.844323992729187
1017-2019_Aralık,1.0746655464172363
1017-2019_Ekim,0.997454047203064
1017-2019_Eylül,0.972512423992157
1017-2019_Kasım,0.7285298705101013
1018-2019_Ağustos,0.8572341799736023
1018-2019_Aralık,1.0840623378753662
1018-2019_Ekim,1.0236821174621582
1018-2019_Eylül,0.9637328386306763
1018-2019_Kasım,0.7457900643348694
1019-2019_Ağustos,0.8475518822669983
1019-2019_Aralık,1.0746791362762451
1019-2019_Ekim,0.9909666180610657
1019-2019_Eylül,0.9792327880859375
1019-2019_Kasım,0.7294619679450989
1020-2019_Ağustos,0.8736263513565063
1020-2019_Aralık,1.092883586883545
1020-2019_Ekim,1.0369046926498413
1020-2019_Eylül,0.961422860622406
1020-2019_Kasım,0.7691131830215454
1021-2019_Ağustos,0.8783387541770935
1021-2019_Aralık,1.0951508283615112
1021-2019_Ekim,1.0404126644134521
1021-2019_Eylül,0.9607513546943665
1021-2019_Kasım,0.7755579948425293
1022-2019_Ağustos,0.8826403021812439
1022-2019_Aralık,1.0928903818130493
1022-2019_Ekim,1.0436173677444458
1022-2019_Eylül,0.9612082242965698
1022-2019_Kasım,0.7761601209640503
1023-2019_Ağustos,0.9102345705032349
1023-2019_Aralık,1.1020920276641846
1023-2019_Ekim,1.0626616477966309
1023-2019_Eylül,0.9600616097450256
1023-2019_Kasım,0.8100465536117554
1024-2019_Ağustos,0.9182116985321045
1024-2019_Aralık,1.0997928380966187
1024-2019_Ekim,1.067383885383606
1024-2019_Eylül,0.9610431790351868
1024-2019_Kasım,0.8148291707038879
1025-2019_Ağustos,0.849663496017456
1025-2019_Aralık,1.0791313648223877
1025-2019_Ekim,0.9945425987243652
1025-2019_Eylül,0.9814764857292175
1025-2019_Kasım,0.7363104224205017
1026-2019_Ağustos,0.9049874544143677
1026-2019_Aralık,1.0944660902023315
1026-2019_Ekim,1.0587844848632812
1026-2019_Eylül,0.9599424004554749
1026-2019_Kasım,0.7975664734840393
1027-2019_Ağustos,0.9079672694206238
1027-2019_Aralık,1.1099107265472412
1027-2019_Ekim,1.0598291158676147
1027-2019_Eylül,0.9577949047088623
1027-2019_Kasım,0.8190373182296753
1028-2019_Ağustos,0.9001457691192627
1028-2019_Aralık,1.1059365272521973
1028-2019_Ekim,1.054599642753601
1028-2019_Eylül,0.95750892162323
1028-2019_Kasım,0.8074461221694946
1029-2019_Ağustos,0.899175763130188
1029-2019_Aralık,1.1075071096420288
1029-2019_Ekim,1.0546399354934692
1029-2019_Eylül,0.95827317237854
1029-2019_Kasım,0.8079602718353271
1030-2019_Ağustos,0.8474987149238586
1030-2019_Aralık,1.0798341035842896
1030-2019_Ekim,1.002819299697876
1030-2019_Eylül,0.9722248315811157
1030-2019_Kasım,0.7377414107322693
1031-2019_Ağustos,0.930588960647583
1031-2019_Aralık,1.0875780582427979
1031-2019_Ekim,1.0764766931533813
1031-2019_Eylül,0.9618712067604065
1031-2019_Kasım,0.8123941421508789
1032-2019_Ağustos,0.9049187302589417
1032-2019_Aralık,1.1166781187057495
1032-2019_Ekim,1.0583101511001587
1032-2019_Eylül,0.9578458070755005
1032-2019_Kasım,0.8232311010360718
1033-2019_Ağustos,0.8545640707015991
1033-2019_Aralık,1.083240032196045
1033-2019_Ekim,1.0212831497192383
1033-2019_Eylül,0.9642831683158875
1033-2019_Kasım,0.7432193160057068
1034-2019_Ağustos,0.8967714309692383
1034-2019_Aralık,1.1263642311096191
1034-2019_Ekim,1.052113652229309
1034-2019_Eylül,0.9552257657051086
1034-2019_Kasım,0.8292710185050964
1035-2019_Ağustos,0.9102963209152222
1035-2019_Aralık,1.1061289310455322
1035-2019_Ekim,1.062353491783142
1035-2019_Eylül,0.958335280418396
1035-2019_Kasım,0.8156522512435913
1036-2019_Ağustos,0.8771494030952454
1036-2019_Aralık,1.1197553873062134
1036-2019_Ekim,1.03865385055542
1036-2019_Eylül,0.959242045879364
1036-2019_Kasım,0.8059533834457397
1037-2019_Ağustos,0.8599675297737122
1037-2019_Aralık,1.0881720781326294
1037-2019_Ekim,1.0263563394546509
1037-2019_Eylül,0.9628818035125732
1037-2019_Kasım,0.7533127069473267
1038-2019_Ağustos,0.8961309194564819
1038-2019_Aralık,1.103350043296814
1038-2019_Ekim,1.052695870399475
1038-2019_Eylül,0.9586549997329712
1038-2019_Kasım,0.8003784418106079
1039-2019_Ağustos,0.8968762755393982
1039-2019_Aralık,1.1013215780258179
1039-2019_Ekim,1.0531877279281616
1039-2019_Eylül,0.9586727023124695
1039-2019_Kasım,0.7985031604766846
1040-2019_Ağustos,0.9084932208061218
1040-2019_Aralık,1.109588384628296
1040-2019_Ekim,1.060957908630371
1040-2019_Eylül,0.9577110409736633
1040-2019_Kasım,0.8181343078613281
1041-2019_Ağustos,0.9133812785148621
1041-2019_Aralık,1.0988061428070068
1041-2019_Ekim,1.0647486448287964
1041-2019_Eylül,0.9593963027000427
1041-2019_Kasım,0.8097119927406311
1042-2019_Ağustos,0.9230384826660156
1042-2019_Aralık,1.0940042734146118
1042-2019_Ekim,1.071433186531067
1042-2019_Eylül,0.9612431526184082
1042-2019_Kasım,0.8120000958442688
1043-2019_Ağustos,0.9271290898323059
1043-2019_Aralık,1.0887013673782349
1043-2019_Ekim,1.0732624530792236
1043-2019_Eylül,0.9620783925056458
1043-2019_Kasım,0.811131477355957
1044-2019_Ağustos,0.8979859948158264
1044-2019_Aralık,1.1008905172348022
1044-2019_Ekim,1.054316520690918
1044-2019_Eylül,0.9594815969467163
1044-2019_Kasım,0.798288881778717
1045-2019_Ağustos,0.8590853810310364
1045-2019_Aralık,1.0875321626663208
1045-2019_Ekim,1.0008682012557983
1045-2019_Eylül,0.9906549453735352
1045-2019_Kasım,0.7514133453369141
1046-2019_Ağustos,0.9266147613525391
1046-2019_Aralık,1.087485909461975
1046-2019_Ekim,1.0753800868988037
1046-2019_Eylül,0.9614630937576294
1046-2019_Kasım,0.8070436716079712
1047-2019_Ağustos,0.8577425479888916
1047-2019_Aralık,1.0987262725830078
1047-2019_Ekim,1.019227385520935
1047-2019_Eylül,0.9728716611862183
1047-2019_Kasım,0.7669200301170349
1048-2019_Ağustos,0.9188786149024963
1048-2019_Aralık,1.095228910446167
1048-2019_Ekim,1.069658875465393
1048-2019_Eylül,0.9602941870689392
1048-2019_Kasım,0.809456467628479
1049-2019_Ağustos,0.908707320690155
1049-2019_Aralık,1.0982136726379395
1049-2019_Ekim,1.0621219873428345
1049-2019_Eylül,0.9595316052436829
1049-2019_Kasım,0.8043653964996338
1050-2019_Ağustos,0.9422419667243958
1050-2019_Aralık,1.0781611204147339
1050-2019_Ekim,1.0860613584518433
1050-2019_Eylül,0.9621070623397827
1050-2019_Kasım,0.8106554746627808
1051-2019_Ağustos,0.9328023791313171
1051-2019_Aralık,1.0863343477249146
1051-2019_Ekim,1.0788854360580444
1051-2019_Eylül,0.9618291854858398
1051-2019_Kasım,0.8119141459465027
1052-2019_Ağustos,0.9291954636573792
1052-2019_Aralık,1.0846078395843506
1052-2019_Ekim,1.0749180316925049
1052-2019_Eylül,0.9617895483970642
1052-2019_Kasım,0.8084778785705566
1053-2019_Ağustos,0.9289005994796753
1053-2019_Aralık,1.0893083810806274
1053-2019_Ekim,1.0753337144851685
1053-2019_Eylül,0.9618428349494934
1053-2019_Kasım,0.8123607635498047
1054-2019_Ağustos,0.8491314053535461
1054-2019_Aralık,1.0810275077819824
1054-2019_Ekim,1.0146484375
1054-2019_Eylül,0.965418815612793
1054-2019_Kasım,0.7373592853546143
1055-2019_Ağustos,0.8610343337059021
1055-2019_Aralık,1.0896625518798828
1055-2019_Ekim,0.9972186088562012
1055-2019_Eylül,0.9927099943161011
1055-2019_Kasım,0.7497246861457825
1056-2019_Ağustos,0.940732479095459
1056-2019_Aralık,1.0776374340057373
1056-2019_Ekim,1.0854812860488892
1056-2019_Eylül,0.9606825709342957
1056-2019_Kasım,0.8087679743766785
1057-2019_Ağustos,0.9388413429260254
1057-2019_Aralık,1.0812071561813354
1057-2019_Ekim,1.0837124586105347
1057-2019_Eylül,0.9622641205787659
1057-2019_Kasım,0.8108396530151367
1058-2019_Ağustos,0.9477352499961853
1058-2019_Aralık,1.0155067443847656
1058-2019_Ekim,1.0700668096542358
1058-2019_Eylül,0.8480017781257629
1058-2019_Kasım,0.813744306564331
1059-2019_Ağustos,0.940900444984436
1059-2019_Aralık,1.0800065994262695
1059-2019_Ekim,1.085640788078308
1059-2019_Eylül,0.9615364074707031
1059-2019_Kasım,0.8107731342315674
1060-2019_Ağustos,0.9114828109741211
1060-2019_Aralık,1.0885008573532104
1060-2019_Ekim,1.0652923583984375
1060-2019_Eylül,0.9613741040229797
1060-2019_Kasım,0.7942359447479248
1061-2019_Ağustos,0.9029474854469299
1061-2019_Aralık,1.1093944311141968
1061-2019_Ekim,1.0598258972167969
1061-2019_Eylül,0.9595990777015686
1061-2019_Kasım,0.811285138130188
1062-2019_Ağustos,0.8863840103149414
1062-2019_Aralık,1.112270474433899
1062-2019_Ekim,1.0474804639816284
1062-2019_Eylül,0.9602975845336914
1062-2019_Kasım,0.8016148805618286
1063-2019_Ağustos,0.9095545411109924
1063-2019_Aralık,1.0970690250396729
1063-2019_Ekim,1.06259024143219
1063-2019_Eylül,0.9602108597755432
1063-2019_Kasım,0.8032061457633972
1064-2019_Ağustos,0.8878902196884155
1064-2019_Aralık,1.145736813545227
1064-2019_Ekim,1.0293368101119995
1064-2019_Eylül,0.9463121294975281
1064-2019_Kasım,0.8628037571907043
1065-2019_Ağustos,0.8586540222167969
1065-2019_Aralık,1.0886852741241455
1065-2019_Ekim,1.0019981861114502
1065-2019_Eylül,0.9842885732650757
1065-2019_Kasım,0.7518489360809326
1066-2019_Ağustos,0.8510609865188599
1066-2019_Aralık,1.0828794240951538
1066-2019_Ekim,0.9972781538963318
1066-2019_Eylül,0.9804534316062927
1066-2019_Kasım,0.7423244118690491
1067-2019_Ağustos,0.9387938380241394
1067-2019_Aralık,1.077284812927246
1067-2019_Ekim,1.0832465887069702
1067-2019_Eylül,0.9607781171798706
1067-2019_Kasım,0.8066871762275696
1068-2019_Ağustos,0.8621176481246948
1068-2019_Aralık,1.0968619585037231
1068-2019_Ekim,1.0082863569259644
1068-2019_Eylül,0.9824728965759277
1068-2019_Kasım,0.7655829787254333
1069-2019_Ağustos,0.8586574792861938
1069-2019_Aralık,1.0873860120773315
1069-2019_Ekim,1.0018515586853027
1069-2019_Eylül,0.9862722158432007
1069-2019_Kasım,0.7494670748710632
1070-2019_Ağustos,0.9697255492210388
1070-2019_Aralık,1.030839443206787
1070-2019_Ekim,1.0748798847198486
1070-2019_Eylül,0.8583217263221741
1070-2019_Kasım,0.8349776268005371
1071-2019_Ağustos,0.8521546125411987
1071-2019_Aralık,1.08290433883667
1071-2019_Ekim,0.9998748898506165
1071-2019_Eylül,0.9802817702293396
1071-2019_Kasım,0.7428675293922424
1072-2019_Ağustos,0.9593968987464905
1072-2019_Aralık,1.023006558418274
1072-2019_Ekim,1.0831154584884644
1072-2019_Eylül,0.8510286808013916
1072-2019_Kasım,0.8088228702545166
1073-2019_Ağustos,0.9625110626220703
1073-2019_Aralık,1.0225343704223633
1073-2019_Ekim,1.085694432258606
1073-2019_Eylül,0.8482967615127563
1073-2019_Kasım,0.8118189573287964
1074-2019_Ağustos,0.9611719846725464
1074-2019_Aralık,1.0223467350006104
1074-2019_Ekim,1.0846476554870605
1074-2019_Eylül,0.8493214845657349
1074-2019_Kasım,0.8098167777061462
1075-2019_Ağustos,0.9765352010726929
1075-2019_Aralık,1.0352715253829956
1075-2019_Ekim,1.072859764099121
1075-2019_Eylül,0.8730928301811218
1075-2019_Kasım,0.8519909381866455
1076-2019_Ağustos,0.9527299404144287
1076-2019_Aralık,1.0157424211502075
1076-2019_Ekim,1.0685420036315918
1076-2019_Eylül,0.8356829285621643
1076-2019_Kasım,0.8195407390594482
1077-2019_Ağustos,0.9701659083366394
1077-2019_Aralık,1.027276635169983
1077-2019_Ekim,1.0694653987884521
1077-2019_Eylül,0.8512963056564331
1077-2019_Kasım,0.8407273292541504
1078-2019_Ağustos,0.9682890772819519
1078-2019_Aralık,1.0313905477523804
1078-2019_Ekim,1.0776749849319458
1078-2019_Eylül,0.8578366637229919
1078-2019_Kasım,0.8318002223968506
1079-2019_Ağustos,0.9281500577926636
1079-2019_Aralık,1.084455966949463
1079-2019_Ekim,1.0748176574707031
1079-2019_Eylül,0.960082471370697
1079-2019_Kasım,0.8069875836372375
1080-2019_Ağustos,0.9349626302719116
1080-2019_Aralık,1.082257866859436
1080-2019_Ekim,1.0802555084228516
1080-2019_Eylül,0.9614635705947876
1080-2019_Kasım,0.8091670870780945
1081-2019_Ağustos,0.9092305898666382
1081-2019_Aralık,1.1020575761795044
1081-2019_Ekim,1.0605525970458984
1081-2019_Eylül,0.9562039971351624
1081-2019_Kasım,0.8123583197593689
1082-2019_Ağustos,0.9335464239120483
1082-2019_Aralık,1.0781162977218628
1082-2019_Ekim,1.0788136720657349
1082-2019_Eylül,0.9596996903419495
1082-2019_Kasım,0.8045153021812439
1083-2019_Ağustos,0.94601970911026
1083-2019_Aralık,1.0781877040863037
1083-2019_Ekim,1.0900968313217163
1083-2019_Eylül,0.9619114995002747
1083-2019_Kasım,0.8122018575668335
1084-2019_Ağustos,0.9221605062484741
1084-2019_Aralık,1.1002384424209595
1084-2019_Ekim,1.072370171546936
1084-2019_Eylül,0.9599637389183044
1084-2019_Kasım,0.817038893699646
1085-2019_Ağustos,0.8640604615211487
1085-2019_Aralık,1.1037806272506714
1085-2019_Ekim,1.029191493988037
1085-2019_Eylül,0.9686883687973022
1085-2019_Kasım,0.775019109249115
1086-2019_Ağustos,0.9444752931594849
1086-2019_Aralık,1.0737665891647339
1086-2019_Ekim,1.0887233018875122
1086-2019_Eylül,0.9585391283035278
1086-2019_Kasım,0.8066383600234985
1087-2019_Ağustos,0.9401247501373291
1087-2019_Aralık,1.074285626411438
1087-2019_Ekim,1.0845794677734375
1087-2019_Eylül,0.9590299129486084
1087-2019_Kasım,0.804993748664856
1088-2019_Ağustos,0.9302313923835754
1088-2019_Aralık,1.082092046737671
1088-2019_Ekim,1.0757982730865479
1088-2019_Eylül,0.959579348564148
1088-2019_Kasım,0.805928111076355
1089-2019_Ağustos,0.9430298805236816
1089-2019_Aralık,1.073301911354065
1089-2019_Ekim,1.086902141571045
1089-2019_Eylül,0.9581284523010254
1089-2019_Kasım,0.8074269890785217
1090-2019_Ağustos,0.9410843253135681
1090-2019_Aralık,1.074449062347412
1090-2019_Ekim,1.0860692262649536
1090-2019_Eylül,0.959192156791687
1090-2019_Kasım,0.805443525314331
1091-2019_Ağustos,0.943328320980072
1091-2019_Aralık,1.0735124349594116
1091-2019_Ekim,1.087989091873169
1091-2019_Eylül,0.9585667848587036
1091-2019_Kasım,0.8058301210403442
1092-2019_Ağustos,0.9345284104347229
1092-2019_Aralık,1.0775465965270996
1092-2019_Ekim,1.079837679862976
1092-2019_Eylül,0.9597077965736389
1092-2019_Kasım,0.8044889569282532
1093-2019_Ağustos,0.9453878998756409
1093-2019_Aralık,1.07492196559906
1093-2019_Ekim,1.0890227556228638
1093-2019_Eylül,0.9604459404945374
1093-2019_Kasım,0.8088338971138
1094-2019_Ağustos,0.9396206140518188
1094-2019_Aralık,1.0752947330474854
1094-2019_Ekim,1.084529995918274
1094-2019_Eylül,0.9596138000488281
1094-2019_Kasım,0.8054995536804199
1095-2019_Ağustos,0.941103458404541
1095-2019_Aralık,1.0747631788253784
1095-2019_Ekim,1.0854945182800293
1095-2019_Eylül,0.9583843350410461
1095-2019_Kasım,0.8072588443756104
1096-2019_Ağustos,0.9445050358772278
1096-2019_Aralık,1.0731518268585205
1096-2019_Ekim,1.0890662670135498
1096-2019_Eylül,0.9582633972167969
1096-2019_Kasım,0.8068723678588867
1097-2019_Ağustos,0.9442238807678223
1097-2019_Aralık,1.073716402053833
1097-2019_Ekim,1.0890737771987915
1097-2019_Eylül,0.9586216807365417
1097-2019_Kasım,0.8068607449531555
1098-2019_Ağustos,0.8659384250640869
1098-2019_Aralık,1.1119798421859741
1098-2019_Ekim,1.0218212604522705
1098-2019_Eylül,0.9792239665985107
1098-2019_Kasım,0.7889431118965149
1099-2019_Ağustos,0.9422301054000854
1099-2019_Aralık,1.073822259902954
1099-2019_Ekim,1.086856722831726
1099-2019_Eylül,0.9589308500289917
1099-2019_Kasım,0.805484414100647
1100-2019_Ağustos,0.9314060807228088
1100-2019_Aralık,1.0809767246246338
1100-2019_Ekim,1.076553463935852
1100-2019_Eylül,0.9580257534980774
1100-2019_Kasım,0.8096086978912354
1101-2019_Ağustos,0.943848729133606
1101-2019_Aralık,1.073756456375122
1101-2019_Ekim,1.088469386100769
1101-2019_Eylül,0.9585443139076233
1101-2019_Kasım,0.8065084218978882
1102-2019_Ağustos,0.9505611658096313
1102-2019_Aralık,1.0804729461669922
1102-2019_Ekim,1.096887230873108
1102-2019_Eylül,0.9594663977622986
1102-2019_Kasım,0.8156105279922485
1103-2019_Ağustos,0.9449769258499146
1103-2019_Aralık,1.0734107494354248
1103-2019_Ekim,1.089583158493042
1103-2019_Eylül,0.9584819674491882
1103-2019_Kasım,0.8071093559265137
1104-2019_Ağustos,0.9457952976226807
1104-2019_Aralık,1.0725212097167969
1104-2019_Ekim,1.0899730920791626
1104-2019_Eylül,0.957905650138855
1104-2019_Kasım,0.8078939318656921
1105-2019_Ağustos,0.9440544843673706
1105-2019_Aralık,1.0723384618759155
1105-2019_Ekim,1.0881296396255493
1105-2019_Eylül,0.9586514234542847
1105-2019_Kasım,0.8050490617752075
1106-2019_Ağustos,0.9444066286087036
1106-2019_Aralık,1.0735058784484863
1106-2019_Ekim,1.0893075466156006
1106-2019_Eylül,0.9584501385688782
1106-2019_Kasım,0.8068771362304688
1107-2019_Ağustos,0.9404231309890747
1107-2019_Aralık,1.0754907131195068
1107-2019_Ekim,1.0852476358413696
1107-2019_Eylül,0.9595986604690552
1107-2019_Kasım,0.8061416745185852
1108-2019_Ağustos,0.9162558317184448
1108-2019_Aralık,1.092398762702942
1108-2019_Ekim,1.0691930055618286
1108-2019_Eylül,0.9610795974731445
1108-2019_Kasım,0.8019733428955078
1109-2019_Ağustos,0.9435756802558899
1109-2019_Aralık,1.0734585523605347
1109-2019_Ekim,1.088166356086731
1109-2019_Eylül,0.9590153098106384
1109-2019_Kasım,0.8061079978942871
1110-2019_Ağustos,0.9452195167541504
1110-2019_Aralık,1.0725258588790894
1110-2019_Ekim,1.0898773670196533
1110-2019_Eylül,0.9582992196083069
1110-2019_Kasım,0.8060339093208313
1111-2019_Ağustos,0.9428871273994446
1111-2019_Aralık,1.0739045143127441
1111-2019_Ekim,1.087529182434082
1111-2019_Eylül,0.9593222737312317
1111-2019_Kasım,0.8061261773109436
1112-2019_Ağustos,0.9368686676025391
1112-2019_Aralık,1.0774487257003784
1112-2019_Ekim,1.0817880630493164
1112-2019_Eylül,0.9589899778366089
1112-2019_Kasım,0.8071582317352295
1113-2019_Ağustos,0.9404340982437134
1113-2019_Aralık,1.0745091438293457
1113-2019_Ekim,1.0795340538024902
1113-2019_Eylül,0.9535001516342163
1113-2019_Kasım,0.8247745633125305
1114-2019_Ağustos,0.9188309907913208
1114-2019_Aralık,1.0330663919448853
1114-2019_Ekim,1.1068803071975708
1114-2019_Eylül,0.8988499045372009
1114-2019_Kasım,0.7567934989929199
1115-2019_Ağustos,0.9757238030433655
1115-2019_Aralık,1.029200792312622
1115-2019_Ekim,1.0677227973937988
1115-2019_Eylül,0.8499805331230164
1115-2019_Kasım,0.8510680794715881
1116-2019_Ağustos,0.9448683857917786
1116-2019_Aralık,1.0720518827438354
1116-2019_Ekim,1.088016152381897
1116-2019_Eylül,0.9559154510498047
1116-2019_Kasım,0.8094091415405273
1117-2019_Ağustos,0.9404831528663635
1117-2019_Aralık,1.077705979347229
1117-2019_Ekim,1.0733656883239746
1117-2019_Eylül,0.952100932598114
1117-2019_Kasım,0.8496170043945312
1118-2019_Ağustos,0.9447104930877686
1118-2019_Aralık,1.0721958875656128
1118-2019_Ekim,1.0851715803146362
1118-2019_Eylül,0.9540757536888123
1118-2019_Kasım,0.8180965185165405
1119-2019_Ağustos,0.9460969567298889
1119-2019_Aralık,1.0731528997421265
1119-2019_Ekim,1.0885114669799805
1119-2019_Eylül,0.9557440876960754
1119-2019_Kasım,0.8155598044395447
1120-2019_Ağustos,0.9475710988044739
1120-2019_Aralık,1.070740818977356
1120-2019_Ekim,1.0911391973495483
1120-2019_Eylül,0.9548329710960388
1120-2019_Kasım,0.8092662692070007
1121-2019_Ağustos,0.9464930891990662
1121-2019_Aralık,1.071924090385437
1121-2019_Ekim,1.0909041166305542
1121-2019_Eylül,0.9563577175140381
1121-2019_Kasım,0.8078023195266724
1122-2019_Ağustos,0.8954575657844543
1122-2019_Aralık,1.16059410572052
1122-2019_Ekim,1.0404448509216309
1122-2019_Eylül,0.9633147120475769
1122-2019_Kasım,0.8773364424705505
1123-2019_Ağustos,0.9465997815132141
1123-2019_Aralık,1.0716875791549683
1123-2019_Ekim,1.0895264148712158
1123-2019_Eylül,0.9552120566368103
1123-2019_Kasım,0.8117582201957703
1124-2019_Ağustos,0.9461107850074768
1124-2019_Aralık,1.071190357208252
1124-2019_Ekim,1.0888938903808594
1124-2019_Eylül,0.9549305438995361
1124-2019_Kasım,0.8109927773475647
1125-2019_Ağustos,0.9475734233856201
1125-2019_Aralık,1.0710188150405884
1125-2019_Ekim,1.0919705629348755
1125-2019_Eylül,0.9552448987960815
1125-2019_Kasım,0.807929277420044
1126-2019_Ağustos,0.9463760256767273
1126-2019_Aralık,1.071346402168274
1126-2019_Ekim,1.0895007848739624
1126-2019_Eylül,0.9552913308143616
1126-2019_Kasım,0.8100923895835876
1127-2019_Ağustos,0.9460737705230713
1127-2019_Aralık,1.0723345279693604
1127-2019_Ekim,1.090596318244934
1127-2019_Eylül,0.9554772973060608
1127-2019_Kasım,0.8084773421287537
1128-2019_Ağustos,0.9466387033462524
1128-2019_Aralık,1.072070598602295
1128-2019_Ekim,1.0911418199539185
1128-2019_Eylül,0.9568450450897217
1128-2019_Kasım,0.807489812374115
1129-2019_Ağustos,0.8809770345687866
1129-2019_Aralık,1.1350982189178467
1129-2019_Ekim,1.0285038948059082
1129-2019_Eylül,0.9877018332481384
1129-2019_Kasım,0.8274741768836975
1130-2019_Ağustos,0.9450060129165649
1130-2019_Aralık,1.0714476108551025
1130-2019_Ekim,1.0878489017486572
1130-2019_Eylül,0.9546679258346558
1130-2019_Kasım,0.8102877736091614
1131-2019_Ağustos,0.939852774143219
1131-2019_Aralık,1.0634773969650269
1131-2019_Ekim,1.0660429000854492
1131-2019_Eylül,0.9369970560073853
1131-2019_Kasım,0.8489156365394592
1132-2019_Ağustos,0.9468872547149658
1132-2019_Aralık,1.0736562013626099
1132-2019_Ekim,1.0913866758346558
1132-2019_Eylül,0.9579455256462097
1132-2019_Kasım,0.8098673820495605
1133-2019_Ağustos,0.9405954480171204
1133-2019_Aralık,1.0720252990722656
1133-2019_Ekim,1.0702850818634033
1133-2019_Eylül,0.9462645053863525
1133-2019_Kasım,0.8499962091445923
1134-2019_Ağustos,0.9160389304161072
1134-2019_Aralık,1.0123295783996582
1134-2019_Ekim,1.0521254539489746
1134-2019_Eylül,0.8835028409957886
1134-2019_Kasım,0.8062483072280884
1135-2019_Ağustos,0.9465118050575256
1135-2019_Aralık,1.0691999197006226
1135-2019_Ekim,1.0873922109603882
1135-2019_Eylül,0.951176643371582
1135-2019_Kasım,0.8151682615280151
1136-2019_Ağustos,0.9401581287384033
1136-2019_Aralık,1.0713409185409546
1136-2019_Ekim,1.0708398818969727
1136-2019_Eylül,0.94395911693573
1136-2019_Kasım,0.8484616875648499
1137-2019_Ağustos,0.9405850768089294
1137-2019_Aralık,1.067935824394226
1137-2019_Ekim,1.0686479806900024
1137-2019_Eylül,0.9403287768363953
1137-2019_Kasım,0.8508720397949219
1138-2019_Ağustos,0.9477357268333435
1138-2019_Aralık,1.0720703601837158
1138-2019_Ekim,1.0928813219070435
1138-2019_Eylül,0.9556430578231812
1138-2019_Kasım,0.8076869249343872
1139-2019_Ağustos,0.9404993057250977
1139-2019_Aralık,1.0752817392349243
1139-2019_Ekim,1.0725927352905273
1139-2019_Eylül,0.9493746161460876
1139-2019_Kasım,0.8490870594978333
1140-2019_Ağustos,0.9403131008148193
1140-2019_Aralık,1.065426230430603
1140-2019_Ekim,1.0674461126327515
1140-2019_Eylül,0.9372970461845398
1140-2019_Kasım,0.8509945869445801
1141-2019_Ağustos,0.9405752420425415
1141-2019_Aralık,1.0677450895309448
1141-2019_Ekim,1.0678541660308838
1141-2019_Eylül,0.9417064785957336
1141-2019_Kasım,0.8491690754890442
1142-2019_Ağustos,0.9359831809997559
1142-2019_Aralık,1.0529733896255493
1142-2019_Ekim,1.058802843093872
1142-2019_Eylül,0.9257176518440247
1142-2019_Kasım,0.8417531251907349
1143-2019_Ağustos,0.9369993209838867
1143-2019_Aralık,1.0497795343399048
1143-2019_Ekim,1.0565621852874756
1143-2019_Eylül,0.9210643768310547
1143-2019_Kasım,0.8472955226898193
1144-2019_Ağustos,0.9399985074996948
1144-2019_Aralık,1.072099208831787
1144-2019_Ekim,1.070993423461914
1144-2019_Eylül,0.944908857345581
1144-2019_Kasım,0.8485293388366699
1145-2019_Ağustos,0.943679928779602
1145-2019_Aralık,1.069515347480774
1145-2019_Ekim,1.079013466835022
1145-2019_Eylül,0.9465849995613098
1145-2019_Kasım,0.8297672867774963
1146-2019_Ağustos,0.9401381611824036
1146-2019_Aralık,1.0629993677139282
1146-2019_Ekim,1.0653531551361084
1146-2019_Eylül,0.9352899789810181
1146-2019_Kasım,0.8503370881080627
1147-2019_Ağustos,0.9400593638420105
1147-2019_Aralık,1.0642812252044678
1147-2019_Ekim,1.066308617591858
1147-2019_Eylül,0.9372986555099487
1147-2019_Kasım,0.8496297001838684
1148-2019_Ağustos,0.9431382417678833
1148-2019_Aralık,1.0756386518478394
1148-2019_Ekim,1.0802112817764282
1148-2019_Eylül,0.952254593372345
1148-2019_Kasım,0.8363022804260254
1149-2019_Ağustos,0.9406335353851318
1149-2019_Aralık,1.0719215869903564
1149-2019_Ekim,1.071422815322876
1149-2019_Eylül,0.9453919529914856
1149-2019_Kasım,0.849808394908905
1150-2019_Ağustos,0.9406556487083435
1150-2019_Aralık,1.0649057626724243
1150-2019_Ekim,1.0667423009872437
1150-2019_Eylül,0.9378023743629456
1150-2019_Kasım,0.8500629663467407
1151-2019_Ağustos,0.9258509278297424
1151-2019_Aralık,1.0186653137207031
1151-2019_Ekim,1.0420366525650024
1151-2019_Eylül,0.8789621591567993
1151-2019_Kasım,0.8278549909591675
1152-2019_Ağustos,0.9411606192588806
1152-2019_Aralık,1.0688722133636475
1152-2019_Ekim,1.0685608386993408
1152-2019_Eylül,0.9418847560882568
1152-2019_Kasım,0.8505292534828186
1153-2019_Ağustos,0.9377173185348511
1153-2019_Aralık,1.052238941192627
1153-2019_Ekim,1.0581258535385132
1153-2019_Eylül,0.9226595759391785
1153-2019_Kasım,0.8471787571907043
1154-2019_Ağustos,0.9494752883911133
1154-2019_Aralık,1.0721696615219116
1154-2019_Ekim,1.0948582887649536
1154-2019_Eylül,0.9536927342414856
1154-2019_Kasım,0.8093999028205872
1155-2019_Ağustos,0.9469058513641357
1155-2019_Aralık,1.003796935081482
1155-2019_Ekim,1.0776541233062744
1155-2019_Eylül,0.8607229590415955
1155-2019_Kasım,0.7685443758964539
1156-2019_Ağustos,0.9469460248947144
1156-2019_Aralık,1.070038914680481
1156-2019_Ekim,1.0900524854660034
1156-2019_Eylül,0.9532025456428528
1156-2019_Kasım,0.80876624584198
1157-2019_Ağustos,0.9401658177375793
1157-2019_Aralık,1.0643497705459595
1157-2019_Ekim,1.0697892904281616
1157-2019_Eylül,0.9366315603256226
1157-2019_Kasım,0.8461691737174988
1158-2019_Ağustos,0.9504247307777405
1158-2019_Aralık,1.0737780332565308
1158-2019_Ekim,1.096348524093628
1158-2019_Eylül,0.9544667601585388
1158-2019_Kasım,0.8102182149887085
1159-2019_Ağustos,0.9348258972167969
1159-2019_Aralık,1.0388771295547485
1159-2019_Ekim,1.0503281354904175
1159-2019_Eylül,0.9075782895088196
1159-2019_Kasım,0.8450629115104675
1160-2019_Ağustos,0.9392041563987732
1160-2019_Aralık,1.0615992546081543
1160-2019_Ekim,1.0652769804000854
1160-2019_Eylül,0.9328082203865051
1160-2019_Kasım,0.8501926064491272
1161-2019_Ağustos,0.9259095788002014
1161-2019_Aralık,0.9946228265762329
1161-2019_Ekim,1.0591950416564941
1161-2019_Eylül,0.8492007851600647
1161-2019_Kasım,0.7755900621414185
1162-2019_Ağustos,0.9501849412918091
1162-2019_Aralık,1.0047990083694458
1162-2019_Ekim,1.077723741531372
1162-2019_Eylül,0.8572516441345215
1162-2019_Kasım,0.7705044746398926
1163-2019_Ağustos,0.9189016222953796
1163-2019_Aralık,1.0134637355804443
1163-2019_Ekim,1.0457676649093628
1163-2019_Eylül,0.8815861344337463
1163-2019_Kasım,0.8130561113357544
1164-2019_Ağustos,0.9408203959465027
1164-2019_Aralık,1.064168930053711
1164-2019_Ekim,1.0724388360977173
1164-2019_Eylül,0.9383142590522766
1164-2019_Kasım,0.8399448990821838
1165-2019_Ağustos,0.9475672841072083
1165-2019_Aralık,1.0691819190979004
1165-2019_Ekim,1.0911948680877686
1165-2019_Eylül,0.9527649879455566
1165-2019_Kasım,0.8084945678710938
1166-2019_Ağustos,0.9526523947715759
1166-2019_Aralık,1.007757306098938
1166-2019_Ekim,1.0838407278060913
1166-2019_Eylül,0.8666979670524597
1166-2019_Kasım,0.769515335559845
1167-2019_Ağustos,0.9402353167533875
1167-2019_Aralık,1.0670289993286133
1167-2019_Ekim,1.0671417713165283
1167-2019_Eylül,0.938019335269928
1167-2019_Kasım,0.8519300222396851
1168-2019_Ağustos,0.9397422075271606
1168-2019_Aralık,1.0617738962173462
1168-2019_Ekim,1.0689576864242554
1168-2019_Eylül,0.9344409704208374
1168-2019_Kasım,0.8443766832351685
1169-2019_Ağustos,0.9195383787155151
1169-2019_Aralık,1.0075454711914062
1169-2019_Ekim,1.0409960746765137
1169-2019_Eylül,0.8710616827011108
1169-2019_Kasım,0.8133442401885986
1170-2019_Ağustos,0.939669132232666
1170-2019_Aralık,1.0586498975753784
1170-2019_Ekim,1.0638715028762817
1170-2019_Eylül,0.9315071105957031
1170-2019_Kasım,0.8466174602508545
1171-2019_Ağustos,0.9336763620376587
1171-2019_Aralık,1.0348838567733765
1171-2019_Ekim,1.0474590063095093
1171-2019_Eylül,0.9016063809394836
1171-2019_Kasım,0.8435999155044556
1172-2019_Ağustos,0.9362276792526245
1172-2019_Aralık,1.0436824560165405
1172-2019_Ekim,1.0530917644500732
1172-2019_Eylül,0.9127941727638245
1172-2019_Kasım,0.846711277961731
1173-2019_Ağustos,0.945462167263031
1173-2019_Aralık,1.0653709173202515
1173-2019_Ekim,1.0845433473587036
1173-2019_Eylül,0.9461402297019958
1173-2019_Kasım,0.8167291879653931
1174-2019_Ağustos,0.9133522510528564
1174-2019_Aralık,0.9940794706344604
1174-2019_Ekim,1.0501235723495483
1174-2019_Eylül,0.8510448336601257
1174-2019_Kasım,0.7822791337966919
1175-2019_Ağustos,0.9158523082733154
1175-2019_Aralık,0.9980862736701965
1175-2019_Ekim,1.043900489807129
1175-2019_Eylül,0.8586190938949585
1175-2019_Kasım,0.7994430661201477
1176-2019_Ağustos,0.9283750057220459
1176-2019_Aralık,1.0271607637405396
1176-2019_Ekim,1.0484950542449951
1176-2019_Eylül,0.8945492506027222
1176-2019_Kasım,0.8286455869674683
1177-2019_Ağustos,0.9218652248382568
1177-2019_Aralık,0.9928709864616394
1177-2019_Ekim,1.056718349456787
1177-2019_Eylül,0.8514596819877625
1177-2019_Kasım,0.7728856801986694
1178-2019_Ağustos,0.9374208450317383
1178-2019_Aralık,1.0425386428833008
1178-2019_Ekim,1.0552337169647217
1178-2019_Eylül,0.9105570316314697
1178-2019_Kasım,0.850440263748169
1179-2019_Ağustos,0.9325118660926819
1179-2019_Aralık,1.0355762243270874
1179-2019_Ekim,1.0500849485397339
1179-2019_Eylül,0.9031825065612793
1179-2019_Kasım,0.8373604416847229
1180-2019_Ağustos,0.9299671649932861
1180-2019_Aralık,1.028578519821167
1180-2019_Ekim,1.0460593700408936
1180-2019_Eylül,0.894622266292572
1180-2019_Kasım,0.8338854908943176
1181-2019_Ağustos,0.9259029030799866
1181-2019_Aralık,1.0090664625167847
1181-2019_Ekim,1.035436749458313
1181-2019_Eylül,0.8666754961013794
1181-2019_Kasım,0.8281775712966919
1182-2019_Ağustos,0.9463753700256348
1182-2019_Aralık,1.0060482025146484
1182-2019_Ekim,1.0815321207046509
1182-2019_Eylül,0.8649770021438599
1182-2019_Kasım,0.7650499939918518
1183-2019_Ağustos,0.9313076138496399
1183-2019_Aralık,0.9918760657310486
1183-2019_Ekim,1.0706686973571777
1183-2019_Eylül,0.8532119989395142
1183-2019_Kasım,0.7626902461051941
1184-2019_Ağustos,0.9498850703239441
1184-2019_Aralık,1.004201054573059
1184-2019_Ekim,1.0809698104858398
1184-2019_Eylül,0.861871600151062
1184-2019_Kasım,0.7671619057655334
1185-2019_Ağustos,0.9451798796653748
1185-2019_Aralık,0.9984725713729858
1185-2019_Ekim,1.0760983228683472
1185-2019_Eylül,0.859501302242279
1185-2019_Kasım,0.7662994265556335
1186-2019_Ağustos,0.9478441476821899
1186-2019_Aralık,1.0050725936889648
1186-2019_Ekim,1.0816195011138916
1186-2019_Eylül,0.8644114136695862
1186-2019_Kasım,0.7653281092643738
1187-2019_Ağustos,0.9639797806739807
1187-2019_Aralık,1.0115240812301636
1187-2019_Ekim,1.0821188688278198
1187-2019_Eylül,0.8728485703468323
1187-2019_Kasım,0.7773747444152832
1188-2019_Ağustos,0.955368161201477
1188-2019_Aralık,1.0054914951324463
1188-2019_Ekim,1.0811583995819092
1188-2019_Eylül,0.8648675084114075
1188-2019_Kasım,0.7707480192184448
1189-2019_Ağustos,0.9505102634429932
1189-2019_Aralık,1.0020439624786377
1189-2019_Ekim,1.0787303447723389
1189-2019_Eylül,0.8622363209724426
1189-2019_Kasım,0.7676258087158203
1190-2019_Ağustos,0.924285888671875
1190-2019_Aralık,1.0201716423034668
1190-2019_Ekim,1.044637680053711
1190-2019_Eylül,0.8848268389701843
1190-2019_Kasım,0.822908341884613
1191-2019_Ağustos,0.9595299363136292
1191-2019_Aralık,1.0114233493804932
1191-2019_Ekim,1.0759307146072388
1191-2019_Eylül,0.8734903335571289
1191-2019_Kasım,0.7755901217460632
1192-2019_Ağustos,0.9525490999221802
1192-2019_Aralık,1.005673885345459
1192-2019_Ekim,1.0806665420532227
1192-2019_Eylül,0.8646677732467651
1192-2019_Kasım,0.7684208750724792
1193-2019_Ağustos,0.9452401399612427
1193-2019_Aralık,0.9988102316856384
1193-2019_Ekim,1.0747735500335693
1193-2019_Eylül,0.8590790033340454
1193-2019_Kasım,0.766006588935852
1194-2019_Ağustos,0.9488915205001831
1194-2019_Aralık,1.0007745027542114
1194-2019_Ekim,1.0756162405014038
1194-2019_Eylül,0.8622534871101379
1194-2019_Kasım,0.7693315744400024
1195-2019_Ağustos,0.9662820100784302
1195-2019_Aralık,1.0125166177749634
1195-2019_Ekim,1.0824182033538818
1195-2019_Eylül,0.8729215264320374
1195-2019_Kasım,0.7791860103607178
1196-2019_Ağustos,0.9552100896835327
1196-2019_Aralık,1.0092817544937134
1196-2019_Ekim,1.0786139965057373
1196-2019_Eylül,0.8686613440513611
1196-2019_Kasım,0.7717627882957458
1197-2019_Ağustos,0.959947407245636
1197-2019_Aralık,1.0087575912475586
1197-2019_Ekim,1.0817859172821045
1197-2019_Eylül,0.8673641085624695
1197-2019_Kasım,0.7735400199890137
1198-2019_Ağustos,0.9473276734352112
1198-2019_Aralık,1.0712299346923828
1198-2019_Ekim,1.0925754308700562
1198-2019_Eylül,0.9552233815193176
1198-2019_Kasım,0.8063029050827026
1199-2019_Ağustos,0.9658800959587097
1199-2019_Aralık,1.01133394241333
1199-2019_Ekim,1.0812549591064453
1199-2019_Eylül,0.8733404874801636
1199-2019_Kasım,0.7781250476837158
1200-2019_Ağustos,0.9628514647483826
1200-2019_Aralık,1.0118632316589355
1200-2019_Ekim,1.0761404037475586
1200-2019_Eylül,0.8751325607299805
1200-2019_Kasım,0.7781651020050049
1201-2019_Ağustos,0.971861720085144
1201-2019_Aralık,1.0175284147262573
1201-2019_Ekim,1.0761334896087646
1201-2019_Eylül,0.877766489982605
1201-2019_Kasım,0.7867513298988342
1202-2019_Ağustos,0.9611474275588989
1202-2019_Aralık,1.0070374011993408
1202-2019_Ekim,1.0796771049499512
1202-2019_Eylül,0.8640288710594177
1202-2019_Kasım,0.7751947641372681
1203-2019_Ağustos,0.9659274816513062
1203-2019_Aralık,1.0059340000152588
1203-2019_Ekim,1.0751888751983643
1203-2019_Eylül,0.8652427196502686
1203-2019_Kasım,0.7799511551856995
1204-2019_Ağustos,0.9387296438217163
1204-2019_Aralık,1.056085228919983
1204-2019_Ekim,1.064274549484253
1204-2019_Eylül,0.9278244376182556
1204-2019_Kasım,0.8475045561790466
1205-2019_Ağustos,0.9656937718391418
1205-2019_Aralık,1.0117794275283813
1205-2019_Ekim,1.0815221071243286
1205-2019_Eylül,0.875210702419281
1205-2019_Kasım,0.7782669067382812
1206-2019_Ağustos,0.9620963335037231
1206-2019_Aralık,1.0081313848495483
1206-2019_Ekim,1.0804766416549683
1206-2019_Eylül,0.870418906211853
1206-2019_Kasım,0.7742820382118225
1207-2019_Ağustos,0.9708703756332397
1207-2019_Aralık,1.0122445821762085
1207-2019_Ekim,1.0799179077148438
1207-2019_Eylül,0.8746656179428101
1207-2019_Kasım,0.7817395925521851
1208-2019_Ağustos,0.965693473815918
1208-2019_Aralık,1.0098997354507446
1208-2019_Ekim,1.0811282396316528
1208-2019_Eylül,0.8725541830062866
1208-2019_Kasım,0.7772983312606812
1209-2019_Ağustos,0.9669009447097778
1209-2019_Aralık,1.006487488746643
1209-2019_Ekim,1.0749257802963257
1209-2019_Eylül,0.8656835556030273
1209-2019_Kasım,0.780903160572052
1210-2019_Ağustos,0.9527153968811035
1210-2019_Aralık,0.9984528422355652
1210-2019_Ekim,1.0632503032684326
1210-2019_Eylül,0.8540757894515991
1210-2019_Kasım,0.7784120440483093
1211-2019_Ağustos,0.966480553150177
1211-2019_Aralık,1.0127202272415161
1211-2019_Ekim,1.078946828842163
1211-2019_Eylül,0.8736822605133057
1211-2019_Kasım,0.7801280617713928
1212-2019_Ağustos,0.9640728831291199
1212-2019_Aralık,1.0081510543823242
1212-2019_Ekim,1.0800743103027344
1212-2019_Eylül,0.8692901134490967
1212-2019_Kasım,0.7765988707542419
1213-2019_Ağustos,0.9726769924163818
1213-2019_Aralık,1.0151258707046509
1213-2019_Ekim,1.0791147947311401
1213-2019_Eylül,0.876224160194397
1213-2019_Kasım,0.7850829362869263
1214-2019_Ağustos,0.9801332354545593
1214-2019_Aralık,1.021893858909607
1214-2019_Ekim,1.0791163444519043
1214-2019_Eylül,0.8806852698326111
1214-2019_Kasım,0.7942256331443787
1215-2019_Ağustos,0.9702607989311218
1215-2019_Aralık,1.0166141986846924
1215-2019_Ekim,1.0766053199768066
1215-2019_Eylül,0.8736870288848877
1215-2019_Kasım,0.78679358959198
1216-2019_Ağustos,0.9692790508270264
1216-2019_Aralık,1.0143983364105225
1216-2019_Ekim,1.0785458087921143
1216-2019_Eylül,0.873599648475647
1216-2019_Kasım,0.7830545902252197
1217-2019_Ağustos,0.9584775567054749
1217-2019_Aralık,1.0100311040878296
1217-2019_Ekim,1.0765695571899414
1217-2019_Eylül,0.8726181387901306
1217-2019_Kasım,0.7740220427513123
1218-2019_Ağustos,0.9255873560905457
1218-2019_Aralık,0.9961856007575989
1218-2019_Ekim,1.05176842212677
1218-2019_Eylül,0.8438050746917725
1218-2019_Kasım,0.7835919857025146
1219-2019_Ağustos,0.9766911864280701
1219-2019_Aralık,1.0186883211135864
1219-2019_Ekim,1.0751209259033203
1219-2019_Eylül,0.8809075355529785
1219-2019_Kasım,0.7895024418830872
1220-2019_Ağustos,0.9634661674499512
1220-2019_Aralık,1.0093098878860474
1220-2019_Ekim,1.0808205604553223
1220-2019_Eylül,0.8718476891517639
1220-2019_Kasım,0.7756855487823486
1221-2019_Ağustos,0.97589111328125
1221-2019_Aralık,1.0106704235076904
1221-2019_Ekim,1.0779670476913452
1221-2019_Eylül,0.8731608390808105
1221-2019_Kasım,0.7853608727455139
1222-2019_Ağustos,0.9671898484230042
1222-2019_Aralık,1.0130034685134888
1222-2019_Ekim,1.0747244358062744
1222-2019_Eylül,0.8757907152175903
1222-2019_Kasım,0.7812727689743042
1223-2019_Ağustos,0.9730287194252014
1223-2019_Aralık,1.0168230533599854
1223-2019_Ekim,1.0800806283950806
1223-2019_Eylül,0.8763427138328552
1223-2019_Kasım,0.7868556976318359
1224-2019_Ağustos,0.9569287896156311
1224-2019_Aralık,1.0111355781555176
1224-2019_Ekim,1.0729260444641113
1224-2019_Eylül,0.8730621933937073
1224-2019_Kasım,0.7747143507003784
1225-2019_Ağustos,0.9608645439147949
1225-2019_Aralık,1.0081429481506348
1225-2019_Ekim,1.080186128616333
1225-2019_Eylül,0.8656032681465149
1225-2019_Kasım,0.7751219272613525
1226-2019_Ağustos,0.9637119174003601
1226-2019_Aralık,1.0144999027252197
1226-2019_Ekim,1.0770848989486694
1226-2019_Eylül,0.8779952526092529
1226-2019_Kasım,0.7801158428192139
1227-2019_Ağustos,0.9800266623497009
1227-2019_Aralık,1.0183104276657104
1227-2019_Ekim,1.076607584953308
1227-2019_Eylül,0.8793356418609619
1227-2019_Kasım,0.7916508316993713
1228-2019_Ağustos,0.9739086031913757
1228-2019_Aralık,1.0148831605911255
1228-2019_Ekim,1.0755870342254639
1228-2019_Eylül,0.8784962296485901
1228-2019_Kasım,0.7861809730529785
1229-2019_Ağustos,0.9783995747566223
1229-2019_Aralık,1.0159070491790771
1229-2019_Ekim,1.0768829584121704
1229-2019_Eylül,0.8757311105728149
1229-2019_Kasım,0.7887977957725525
1230-2019_Ağustos,0.9471940994262695
1230-2019_Aralık,1.001081943511963
1230-2019_Ekim,1.0496273040771484
1230-2019_Eylül,0.847218930721283
1230-2019_Kasım,0.7908601760864258
1231-2019_Ağustos,0.9733657240867615
1231-2019_Aralık,1.0193781852722168
1231-2019_Ekim,1.0740044116973877
1231-2019_Eylül,0.8835907578468323
1231-2019_Kasım,0.7894949316978455
1232-2019_Ağustos,0.975360095500946
1232-2019_Aralık,1.0487099885940552
1232-2019_Ekim,1.0683808326721191
1232-2019_Eylül,0.9090044498443604
1232-2019_Kasım,0.869152307510376
1233-2019_Ağustos,0.9605885744094849
1233-2019_Aralık,1.0176758766174316
1233-2019_Ekim,1.009413242340088
1233-2019_Eylül,0.8040931820869446
1233-2019_Kasım,0.8814222812652588
1234-2019_Ağustos,0.9684741497039795
1234-2019_Aralık,1.0256450176239014
1234-2019_Ekim,1.017240285873413
1234-2019_Eylül,0.8051138520240784
1234-2019_Kasım,0.8862673044204712
1235-2019_Ağustos,0.972386360168457
1235-2019_Aralık,1.0158212184906006
1235-2019_Ekim,1.075120449066162
1235-2019_Eylül,0.8823276162147522
1235-2019_Kasım,0.7860094904899597
1236-2019_Ağustos,0.9912464618682861
1236-2019_Aralık,1.0225918292999268
1236-2019_Ekim,1.0775501728057861
1236-2019_Eylül,0.8865277171134949
1236-2019_Kasım,0.7995573282241821
1237-2019_Ağustos,0.9761927723884583
1237-2019_Aralık,1.019469141960144
1237-2019_Ekim,1.0770775079727173
1237-2019_Eylül,0.8810716271400452
1237-2019_Kasım,0.7909579873085022
1238-2019_Ağustos,0.9815511703491211
1238-2019_Aralık,1.0222095251083374
1238-2019_Ekim,1.0745924711227417
1238-2019_Eylül,0.8822996020317078
1238-2019_Kasım,0.796782910823822
1239-2019_Ağustos,0.9870814085006714
1239-2019_Aralık,1.0169789791107178
1239-2019_Ekim,1.0767405033111572
1239-2019_Eylül,0.8816611170768738
1239-2019_Kasım,0.7935832738876343
1240-2019_Ağustos,0.9848834872245789
1240-2019_Aralık,1.016265630722046
1240-2019_Ekim,1.077676773071289
1240-2019_Eylül,0.8792592883110046
1240-2019_Kasım,0.7919612526893616
1241-2019_Ağustos,0.9685711860656738
1241-2019_Aralık,1.0149379968643188
1241-2019_Ekim,1.071518063545227
1241-2019_Eylül,0.8746285438537598
1241-2019_Kasım,0.7846298217773438
1242-2019_Ağustos,0.9659697413444519
1242-2019_Aralık,1.0131710767745972
1242-2019_Ekim,1.074573040008545
1242-2019_Eylül,0.8702186942100525
1242-2019_Kasım,0.7818167209625244
1243-2019_Ağustos,0.9829115867614746
1243-2019_Aralık,1.019991159439087
1243-2019_Ekim,1.0742298364639282
1243-2019_Eylül,0.8859958648681641
1243-2019_Kasım,0.7945666909217834
1244-2019_Ağustos,0.9936039447784424
1244-2019_Aralık,1.0268601179122925
1244-2019_Ekim,1.0737828016281128
1244-2019_Eylül,0.8926721811294556
1244-2019_Kasım,0.805510401725769
1245-2019_Ağustos,0.9709523916244507
1245-2019_Aralık,1.0163670778274536
1245-2019_Ekim,1.073939323425293
1245-2019_Eylül,0.8810579776763916
1245-2019_Kasım,0.7857698202133179
1246-2019_Ağustos,0.9666631817817688
1246-2019_Aralık,1.0133475065231323
1246-2019_Ekim,1.0751224756240845
1246-2019_Eylül,0.876147449016571
1246-2019_Kasım,0.7816835045814514
1247-2019_Ağustos,0.977152943611145
1247-2019_Aralık,1.0214483737945557
1247-2019_Ekim,1.07216477394104
1247-2019_Eylül,0.8840684294700623
1247-2019_Kasım,0.7942008376121521
1248-2019_Ağustos,0.9917362332344055
1248-2019_Aralık,1.022444725036621
1248-2019_Ekim,1.077128291130066
1248-2019_Eylül,0.8885009288787842
1248-2019_Kasım,0.7999609112739563
1249-2019_Ağustos,0.9899778366088867
1249-2019_Aralık,1.0225186347961426
1249-2019_Ekim,1.0767325162887573
1249-2019_Eylül,0.8904466032981873
1249-2019_Kasım,0.7994257807731628
1250-2019_Ağustos,0.9786454439163208
1250-2019_Aralık,1.0180857181549072
1250-2019_Ekim,1.0740607976913452
1250-2019_Eylül,0.885945200920105
1250-2019_Kasım,0.7907399535179138
1251-2019_Ağustos,0.9834393262863159
1251-2019_Aralık,1.019564151763916
1251-2019_Ekim,1.0738598108291626
1251-2019_Eylül,0.8848256468772888
1251-2019_Kasım,0.794995129108429
1252-2019_Ağustos,0.9449412822723389
1252-2019_Aralık,1.0064407587051392
1252-2019_Ekim,1.0657232999801636
1252-2019_Eylül,0.8761653304100037
1252-2019_Kasım,0.7667660117149353
1253-2019_Ağustos,0.9846711158752441
1253-2019_Aralık,1.0298820734024048
1253-2019_Ekim,1.0388952493667603
1253-2019_Eylül,0.8101930022239685
1253-2019_Kasım,0.8868534564971924
1254-2019_Ağustos,0.9963834285736084
1254-2019_Aralık,1.0277985334396362
1254-2019_Ekim,1.0752038955688477
1254-2019_Eylül,0.8920076489448547
1254-2019_Kasım,0.8077061176300049
1255-2019_Ağustos,0.998498797416687
1255-2019_Aralık,1.0273385047912598
1255-2019_Ekim,1.0759705305099487
1255-2019_Eylül,0.8880575299263
1255-2019_Kasım,0.8074676394462585
1256-2019_Ağustos,0.9854938983917236
1256-2019_Aralık,1.0260316133499146
1256-2019_Ekim,1.0717881917953491
1256-2019_Eylül,0.8876199126243591
1256-2019_Kasım,0.8024358749389648
1257-2019_Ağustos,0.9913657903671265
1257-2019_Aralık,1.0304750204086304
1257-2019_Ekim,1.074899673461914
1257-2019_Eylül,0.8935497403144836
1257-2019_Kasım,0.808296263217926
1258-2019_Ağustos,0.9830352067947388
1258-2019_Aralık,1.0208423137664795
1258-2019_Ekim,1.0739167928695679
1258-2019_Eylül,0.8897353410720825
1258-2019_Kasım,0.7950863242149353
1259-2019_Ağustos,0.9886422157287598
1259-2019_Aralık,1.0244343280792236
1259-2019_Ekim,1.0719479322433472
1259-2019_Eylül,0.8916475772857666
1259-2019_Kasım,0.8017362952232361
1260-2019_Ağustos,0.9923449158668518
1260-2019_Aralık,1.0232404470443726
1260-2019_Ekim,1.0734875202178955
1260-2019_Eylül,0.8867617845535278
1260-2019_Kasım,0.8024511337280273
1261-2019_Ağustos,0.9932628273963928
1261-2019_Aralık,1.0288633108139038
1261-2019_Ekim,1.0715688467025757
1261-2019_Eylül,0.8963121771812439
1261-2019_Kasım,0.8077885508537292
1262-2019_Ağustos,0.9956234693527222
1262-2019_Aralık,1.0322997570037842
1262-2019_Ekim,1.0733462572097778
1262-2019_Eylül,0.8946766257286072
1262-2019_Kasım,0.8122909665107727
1263-2019_Ağustos,0.9874763488769531
1263-2019_Aralık,1.0263071060180664
1263-2019_Ekim,1.0717271566390991
1263-2019_Eylül,0.8883845210075378
1263-2019_Kasım,0.8038997650146484
1264-2019_Ağustos,1.0398437976837158
1264-2019_Aralık,1.0192328691482544
1264-2019_Ekim,1.1163108348846436
1264-2019_Eylül,0.8610390424728394
1264-2019_Kasım,0.7582658529281616
1265-2019_Ağustos,1.0061346292495728
1265-2019_Aralık,1.032894492149353
1265-2019_Ekim,1.075699806213379
1265-2019_Eylül,0.901588499546051
1265-2019_Kasım,0.8156364560127258
1266-2019_Ağustos,1.0049015283584595
1266-2019_Aralık,1.0281890630722046
1266-2019_Ekim,1.0735678672790527
1266-2019_Eylül,0.8978552222251892
1266-2019_Kasım,0.8114490509033203
1267-2019_Ağustos,0.9671808481216431
1267-2019_Aralık,1.0121772289276123
1267-2019_Ekim,1.0637964010238647
1267-2019_Eylül,0.8878744840621948
1267-2019_Kasım,0.7827102541923523
1268-2019_Ağustos,1.0102487802505493
1268-2019_Aralık,1.031732201576233
1268-2019_Ekim,1.0754112005233765
1268-2019_Eylül,0.8997076153755188
1268-2019_Kasım,0.8155782222747803
1269-2019_Ağustos,0.9913161993026733
1269-2019_Aralık,1.028278112411499
1269-2019_Ekim,1.0724836587905884
1269-2019_Eylül,0.8967268466949463
1269-2019_Kasım,0.8059322834014893
1270-2019_Ağustos,0.9809284210205078
1270-2019_Aralık,1.0235586166381836
1270-2019_Ekim,1.06674063205719
1270-2019_Eylül,0.8911412954330444
1270-2019_Kasım,0.7977448105812073
1271-2019_Ağustos,1.0118744373321533
1271-2019_Aralık,1.0422093868255615
1271-2019_Ekim,1.0751217603683472
1271-2019_Eylül,0.910316526889801
1271-2019_Kasım,0.8265917897224426
1272-2019_Ağustos,0.98564213514328
1272-2019_Aralık,1.0256372690200806
1272-2019_Ekim,1.069042682647705
1272-2019_Eylül,0.8912302851676941
1272-2019_Kasım,0.8026246428489685
1273-2019_Ağustos,0.9840503931045532
1273-2019_Aralık,1.0246601104736328
1273-2019_Ekim,1.067595362663269
1273-2019_Eylül,0.8919036984443665
1273-2019_Kasım,0.8006333112716675
1274-2019_Ağustos,0.9928758144378662
1274-2019_Aralık,1.0320022106170654
1274-2019_Ekim,1.0700100660324097
1274-2019_Eylül,0.8963601589202881
1274-2019_Kasım,0.8117747902870178
1275-2019_Ağustos,1.003864049911499
1275-2019_Aralık,1.0327545404434204
1275-2019_Ekim,1.072413444519043
1275-2019_Eylül,0.9020864367485046
1275-2019_Kasım,0.815545916557312
1276-2019_Ağustos,0.9820161461830139
1276-2019_Aralık,1.0227817296981812
1276-2019_Ekim,1.0654793977737427
1276-2019_Eylül,0.8938372135162354
1276-2019_Kasım,0.7986720204353333
1277-2019_Ağustos,0.9962198138237
1277-2019_Aralık,1.0311682224273682
1277-2019_Ekim,1.0701403617858887
1277-2019_Eylül,0.8974797129631042
1277-2019_Kasım,0.8118293881416321
1278-2019_Ağustos,0.9772355556488037
1278-2019_Aralık,1.0213121175765991
1278-2019_Ekim,1.0625050067901611
1278-2019_Eylül,0.8905165791511536
1278-2019_Kasım,0.7952386736869812
1279-2019_Ağustos,1.0129668712615967
1279-2019_Aralık,1.0349628925323486
1279-2019_Ekim,1.0721861124038696
1279-2019_Eylül,0.9017143249511719
1279-2019_Kasım,0.82108473777771
1280-2019_Ağustos,1.0023667812347412
1280-2019_Aralık,1.0297726392745972
1280-2019_Ekim,1.06995689868927
1280-2019_Eylül,0.9011541604995728
1280-2019_Kasım,0.8126600980758667
1281-2019_Ağustos,0.9867503643035889
1281-2019_Aralık,1.026713490486145
1281-2019_Ekim,1.0676615238189697
1281-2019_Eylül,0.8952282071113586
1281-2019_Kasım,0.8036506175994873
1282-2019_Ağustos,0.99944669008255
1282-2019_Aralık,1.0286403894424438
1282-2019_Ekim,1.07065749168396
1282-2019_Eylül,0.8990932106971741
1282-2019_Kasım,0.8103134632110596
1283-2019_Ağustos,0.9811915755271912
1283-2019_Aralık,1.0235869884490967
1283-2019_Ekim,1.067529559135437
1283-2019_Eylül,0.8945479989051819
1283-2019_Kasım,0.7982452511787415
1284-2019_Ağustos,1.004296064376831
1284-2019_Aralık,1.0301614999771118
1284-2019_Ekim,1.0714975595474243
1284-2019_Eylül,0.9045961499214172
1284-2019_Kasım,0.8130834102630615
1285-2019_Ağustos,0.9826696515083313
1285-2019_Aralık,1.0243229866027832
1285-2019_Ekim,1.0669258832931519
1285-2019_Eylül,0.8931583762168884
1285-2019_Kasım,0.7999564409255981
1286-2019_Ağustos,1.0040578842163086
1286-2019_Aralık,1.0317254066467285
1286-2019_Ekim,1.0692774057388306
1286-2019_Eylül,0.9043415188789368
1286-2019_Kasım,0.8151826858520508
1287-2019_Ağustos,0.9099958539009094
1287-2019_Aralık,1.1907029151916504
1287-2019_Ekim,1.0490615367889404
1287-2019_Eylül,0.9820290207862854
1287-2019_Kasım,0.9204689860343933
1288-2019_Ağustos,0.9921296834945679
1288-2019_Aralık,1.030495524406433
1288-2019_Ekim,1.0683213472366333
1288-2019_Eylül,0.8999241590499878
1288-2019_Kasım,0.8095816969871521
1289-2019_Ağustos,1.0093971490859985
1289-2019_Aralık,1.0432384014129639
1289-2019_Ekim,1.0751662254333496
1289-2019_Eylül,0.9081701040267944
1289-2019_Kasım,0.8272761106491089
1290-2019_Ağustos,0.9903185367584229
1290-2019_Aralık,1.0282331705093384
1290-2019_Ekim,1.0668213367462158
1290-2019_Eylül,0.8965066075325012
1290-2019_Kasım,0.8073733448982239
1291-2019_Ağustos,0.9808385372161865
1291-2019_Aralık,1.0206891298294067
1291-2019_Ekim,1.0663042068481445
1291-2019_Eylül,0.8943637609481812
1291-2019_Kasım,0.7958271503448486
1292-2019_Ağustos,0.9973732233047485
1292-2019_Aralık,1.0307552814483643
1292-2019_Ekim,1.0684220790863037
1292-2019_Eylül,0.9027538895606995
1292-2019_Kasım,0.811747133731842
1293-2019_Ağustos,1.003147006034851
1293-2019_Aralık,1.0342758893966675
1293-2019_Ekim,1.0689822435379028
1293-2019_Eylül,0.8992754220962524
1293-2019_Kasım,0.8183932304382324
1294-2019_Ağustos,1.0021275281906128
1294-2019_Aralık,1.0320911407470703
1294-2019_Ekim,1.0674872398376465
1294-2019_Eylül,0.9057130813598633
1294-2019_Kasım,0.8155201077461243
1295-2019_Ağustos,1.0276402235031128
1295-2019_Aralık,1.044683814048767
1295-2019_Ekim,1.0759203433990479
1295-2019_Eylül,0.9167830348014832
1295-2019_Kasım,0.8324216604232788
1296-2019_Ağustos,0.9760957360267639
1296-2019_Aralık,1.022178292274475
1296-2019_Ekim,1.0620732307434082
1296-2019_Eylül,0.896114706993103
1296-2019_Kasım,0.7956464290618896
1297-2019_Ağustos,1.0105040073394775
1297-2019_Aralık,1.0458956956863403
1297-2019_Ekim,1.0713419914245605
1297-2019_Eylül,0.9141250848770142
1297-2019_Kasım,0.8298666477203369
1298-2019_Ağustos,1.0259902477264404
1298-2019_Aralık,1.062087893486023
1298-2019_Ekim,1.080062747001648
1298-2019_Eylül,0.9250727295875549
1298-2019_Kasım,0.8436234593391418
1299-2019_Ağustos,0.9885866641998291
1299-2019_Aralık,1.0284804105758667
1299-2019_Ekim,1.0636934041976929
1299-2019_Eylül,0.8990028500556946
1299-2019_Kasım,0.8072541356086731
1300-2019_Ağustos,1.0022923946380615
1300-2019_Aralık,1.0318732261657715
1300-2019_Ekim,1.067718744277954
1300-2019_Eylül,0.9022783637046814
1300-2019_Kasım,0.815397322177887
1301-2019_Ağustos,1.0484150648117065
1301-2019_Aralık,1.0875957012176514
1301-2019_Ekim,1.103840947151184
1301-2019_Eylül,0.9342252016067505
1301-2019_Kasım,0.8682482838630676
1302-2019_Ağustos,1.0287904739379883
1302-2019_Aralık,1.0418628454208374
1302-2019_Ekim,1.0752694606781006
1302-2019_Eylül,0.9172744750976562
1302-2019_Kasım,0.8302688002586365
1303-2019_Ağustos,0.9968914985656738
1303-2019_Aralık,1.0337821245193481
1303-2019_Ekim,1.0655170679092407
1303-2019_Eylül,0.9044201970100403
1303-2019_Kasım,0.8156417608261108
1304-2019_Ağustos,1.0013185739517212
1304-2019_Aralık,1.036808967590332
1304-2019_Ekim,1.0675957202911377
1304-2019_Eylül,0.9051611423492432
1304-2019_Kasım,0.8201643824577332
1305-2019_Ağustos,1.0221112966537476
1305-2019_Aralık,1.0436086654663086
1305-2019_Ekim,1.0729197263717651
1305-2019_Eylül,0.9164916276931763
1305-2019_Kasım,0.8311493396759033
1306-2019_Ağustos,0.9799342751502991
1306-2019_Aralık,1.0274728536605835
1306-2019_Ekim,1.0643318891525269
1306-2019_Eylül,0.8977171778678894
1306-2019_Kasım,0.8027502298355103
1307-2019_Ağustos,1.0220484733581543
1307-2019_Aralık,1.0481746196746826
1307-2019_Ekim,1.0734307765960693
1307-2019_Eylül,0.9150292873382568
1307-2019_Kasım,0.835464596748352
1308-2019_Ağustos,0.9912496209144592
1308-2019_Aralık,1.034082293510437
1308-2019_Ekim,1.0657932758331299
1308-2019_Eylül,0.9048653841018677
1308-2019_Kasım,0.8131000399589539
1309-2019_Ağustos,0.9931644201278687
1309-2019_Aralık,1.0345369577407837
1309-2019_Ekim,1.0691298246383667
1309-2019_Eylül,0.9020493626594543
1309-2019_Kasım,0.8142290711402893
1310-2019_Ağustos,0.991978108882904
1310-2019_Aralık,1.030018925666809
1310-2019_Ekim,1.0647053718566895
1310-2019_Eylül,0.9012056589126587
1310-2019_Kasım,0.8100510239601135
1311-2019_Ağustos,1.0066834688186646
1311-2019_Aralık,1.0387709140777588
1311-2019_Ekim,1.067839503288269
1311-2019_Eylül,0.9089276790618896
1311-2019_Kasım,0.823523759841919
1312-2019_Ağustos,0.9951757788658142
1312-2019_Aralık,1.0331335067749023
1312-2019_Ekim,1.0658222436904907
1312-2019_Eylül,0.9054358005523682
1312-2019_Kasım,0.813883900642395
1313-2019_Ağustos,1.030246376991272
1313-2019_Aralık,1.0429680347442627
1313-2019_Ekim,1.076861023902893
1313-2019_Eylül,0.9194116592407227
1313-2019_Kasım,0.8302622437477112
1314-2019_Ağustos,0.9926835298538208
1314-2019_Aralık,1.033799409866333
1314-2019_Ekim,1.0649135112762451
1314-2019_Eylül,0.9034630656242371
1314-2019_Kasım,0.8142907619476318
1315-2019_Ağustos,1.0043861865997314
1315-2019_Aralık,1.0379258394241333
1315-2019_Ekim,1.0655899047851562
1315-2019_Eylül,0.9113931655883789
1315-2019_Kasım,0.8221200704574585
1316-2019_Ağustos,1.0055180788040161
1316-2019_Aralık,1.0387672185897827
1316-2019_Ekim,1.0663498640060425
1316-2019_Eylül,0.9103508591651917
1316-2019_Kasım,0.8232015371322632
1317-2019_Ağustos,1.0258798599243164
1317-2019_Aralık,1.037785291671753
1317-2019_Ekim,1.0709631443023682
1317-2019_Eylül,0.9069473743438721
1317-2019_Kasım,0.8283169269561768
1318-2019_Ağustos,1.0469425916671753
1318-2019_Aralık,1.0568242073059082
1318-2019_Ekim,1.0816904306411743
1318-2019_Eylül,0.9274293184280396
1318-2019_Kasım,0.8443142771720886
1319-2019_Ağustos,1.035758137702942
1319-2019_Aralık,1.053246259689331
1319-2019_Ekim,1.0759683847427368
1319-2019_Eylül,0.9248793721199036
1319-2019_Kasım,0.8403293490409851
1320-2019_Ağustos,1.016048550605774
1320-2019_Aralık,1.0358250141143799
1320-2019_Ekim,1.069267988204956
1320-2019_Eylül,0.9067752361297607
1320-2019_Kasım,0.8240196704864502
1321-2019_Ağustos,0.9766649603843689
1321-2019_Aralık,1.0264205932617188
1321-2019_Ekim,1.0544970035552979
1321-2019_Eylül,0.906521737575531
1321-2019_Kasım,0.8014483451843262
1322-2019_Ağustos,0.9897633194923401
1322-2019_Aralık,1.0316071510314941
1322-2019_Ekim,1.061329960823059
1322-2019_Eylül,0.9097356796264648
1322-2019_Kasım,0.8105802536010742
1323-2019_Ağustos,1.0021933317184448
1323-2019_Aralık,1.037290096282959
1323-2019_Ekim,1.064687967300415
1323-2019_Eylül,0.9094012379646301
1323-2019_Kasım,0.8211907744407654
1324-2019_Ağustos,0.9962421655654907
1324-2019_Aralık,1.0370535850524902
1324-2019_Ekim,1.06437087059021
1324-2019_Eylül,0.909169614315033
1324-2019_Kasım,0.8185430765151978
1325-2019_Ağustos,1.0318492650985718
1325-2019_Aralık,1.0575522184371948
1325-2019_Ekim,1.0790492296218872
1325-2019_Eylül,0.9248214960098267
1325-2019_Kasım,0.842178463935852
1326-2019_Ağustos,0.9594117403030396
1326-2019_Aralık,1.01799738407135
1326-2019_Ekim,1.0578322410583496
1326-2019_Eylül,0.888922929763794
1326-2019_Kasım,0.7859806418418884
1327-2019_Ağustos,0.996687114238739
1327-2019_Aralık,1.0352245569229126
1327-2019_Ekim,1.062382698059082
1327-2019_Eylül,0.9096524119377136
1327-2019_Kasım,0.8174285888671875
1328-2019_Ağustos,1.017434000968933
1328-2019_Aralık,1.04259192943573
1328-2019_Ekim,1.069002389907837
1328-2019_Eylül,0.9148706197738647
1328-2019_Kasım,0.8299098610877991
1329-2019_Ağustos,1.0356606245040894
1329-2019_Aralık,1.064683198928833
1329-2019_Ekim,1.080260992050171
1329-2019_Eylül,0.9314519166946411
1329-2019_Kasım,0.8481199145317078
1330-2019_Ağustos,0.9956679344177246
1330-2019_Aralık,1.0318412780761719
1330-2019_Ekim,1.0618199110031128
1330-2019_Eylül,0.9071077704429626
1330-2019_Kasım,0.81396484375
1331-2019_Ağustos,1.0061062574386597
1331-2019_Aralık,1.041575312614441
1331-2019_Ekim,1.0654447078704834
1331-2019_Eylül,0.9153666496276855
1331-2019_Kasım,0.825137734413147
1332-2019_Ağustos,1.0171815156936646
1332-2019_Aralık,1.0499193668365479
1332-2019_Ekim,1.0723055601119995
1332-2019_Eylül,0.921377420425415
1332-2019_Kasım,0.8330305218696594
1333-2019_Ağustos,0.9958506226539612
1333-2019_Aralık,1.0361078977584839
1333-2019_Ekim,1.0616283416748047
1333-2019_Eylül,0.9099577069282532
1333-2019_Kasım,0.8181038498878479
1334-2019_Ağustos,1.013670802116394
1334-2019_Aralık,1.044867753982544
1334-2019_Ekim,1.068920373916626
1334-2019_Eylül,0.9182174205780029
1334-2019_Kasım,0.8293750882148743
1335-2019_Ağustos,0.995478630065918
1335-2019_Aralık,1.036930799484253
1335-2019_Ekim,1.061916708946228
1335-2019_Eylül,0.9145504236221313
1335-2019_Kasım,0.8175721168518066
1336-2019_Ağustos,1.0090017318725586
1336-2019_Aralık,1.0468801259994507
1336-2019_Ekim,1.0691182613372803
1336-2019_Eylül,0.9153226613998413
1336-2019_Kasım,0.8299067616462708
1337-2019_Ağustos,1.0139613151550293
1337-2019_Aralık,1.0481284856796265
1337-2019_Ekim,1.0700371265411377
1337-2019_Eylül,0.9213556051254272
1337-2019_Kasım,0.8309754133224487
1338-2019_Ağustos,1.0067224502563477
1338-2019_Aralık,1.045314073562622
1338-2019_Ekim,1.0672345161437988
1338-2019_Eylül,0.9187770485877991
1338-2019_Kasım,0.827021598815918
1339-2019_Ağustos,1.0275776386260986
1339-2019_Aralık,1.0548127889633179
1339-2019_Ekim,1.0743650197982788
1339-2019_Eylül,0.9256709218025208
1339-2019_Kasım,0.8391067981719971
1340-2019_Ağustos,1.0047121047973633
1340-2019_Aralık,1.0388625860214233
1340-2019_Ekim,1.064225435256958
1340-2019_Eylül,0.9144640564918518
1340-2019_Kasım,0.8228699564933777
1341-2019_Ağustos,1.0138956308364868
1341-2019_Aralık,1.0531623363494873
1341-2019_Ekim,1.0711740255355835
1341-2019_Eylül,0.9236333966255188
1341-2019_Kasım,0.8344048261642456
1342-2019_Ağustos,0.9912678003311157
1342-2019_Aralık,1.035246729850769
1342-2019_Ekim,1.06096351146698
1342-2019_Eylül,0.9137070178985596
1342-2019_Kasım,0.815035879611969
1343-2019_Ağustos,1.0337543487548828
1343-2019_Aralık,1.0627362728118896
1343-2019_Ekim,1.078563928604126
1343-2019_Eylül,0.931430995464325
1343-2019_Kasım,0.8461491465568542
1344-2019_Ağustos,1.0039016008377075
1344-2019_Aralık,1.0428518056869507
1344-2019_Ekim,1.065329670906067
1344-2019_Eylül,0.9183186888694763
1344-2019_Kasım,0.8244521021842957
1345-2019_Ağustos,1.0343668460845947
1345-2019_Aralık,1.058346152305603
1345-2019_Ekim,1.0778335332870483
1345-2019_Eylül,0.9202457666397095
1345-2019_Kasım,0.8446419835090637
1346-2019_Ağustos,1.0169200897216797
1346-2019_Aralık,1.0426042079925537
1346-2019_Ekim,1.0679863691329956
1346-2019_Eylül,0.9081081748008728
1346-2019_Kasım,0.8313976526260376
1347-2019_Ağustos,1.0314091444015503
1347-2019_Aralık,1.059368371963501
1347-2019_Ekim,1.0778498649597168
1347-2019_Eylül,0.9313845634460449
1347-2019_Kasım,0.8429022431373596
1348-2019_Ağustos,1.0300759077072144
1348-2019_Aralık,1.0618629455566406
1348-2019_Ekim,1.0790038108825684
1348-2019_Eylül,0.9317759275436401
1348-2019_Kasım,0.8440243005752563
1349-2019_Ağustos,1.022544264793396
1349-2019_Aralık,1.0594366788864136
1349-2019_Ekim,1.0744317770004272
1349-2019_Eylül,0.929322361946106
1349-2019_Kasım,0.840691089630127
1350-2019_Ağustos,0.9994576573371887
1350-2019_Aralık,1.0376349687576294
1350-2019_Ekim,1.0612375736236572
1350-2019_Eylül,0.9147712588310242
1350-2019_Kasım,0.8200460076332092
1351-2019_Ağustos,1.002728819847107
1351-2019_Aralık,1.044643759727478
1351-2019_Ekim,1.0662908554077148
1351-2019_Eylül,0.9228373765945435
1351-2019_Kasım,0.8238538503646851
1352-2019_Ağustos,0.9950214624404907
1352-2019_Aralık,1.0296275615692139
1352-2019_Ekim,1.05829918384552
1352-2019_Eylül,0.9091044664382935
1352-2019_Kasım,0.8124250173568726
1353-2019_Ağustos,1.0430694818496704
1353-2019_Aralık,1.0639896392822266
1353-2019_Ekim,1.079837441444397
1353-2019_Eylül,0.9326480031013489
1353-2019_Kasım,0.8489695191383362
1354-2019_Ağustos,1.047834873199463
1354-2019_Aralık,1.083268165588379
1354-2019_Ekim,1.0851689577102661
1354-2019_Eylül,0.9418883323669434
1354-2019_Kasım,0.8634777665138245
1355-2019_Ağustos,1.0123437643051147
1355-2019_Aralık,1.0494126081466675
1355-2019_Ekim,1.069345474243164
1355-2019_Eylül,0.9226697683334351
1355-2019_Kasım,0.8313661217689514
1356-2019_Ağustos,1.0154683589935303
1356-2019_Aralık,1.0530322790145874
1356-2019_Ekim,1.0711944103240967
1356-2019_Eylül,0.9282522797584534
1356-2019_Kasım,0.8333324790000916
1357-2019_Ağustos,1.0281791687011719
1357-2019_Aralık,1.0671988725662231
1357-2019_Ekim,1.0755791664123535
1357-2019_Eylül,0.9350409507751465
1357-2019_Kasım,0.8472285270690918
1358-2019_Ağustos,0.9913232326507568
1358-2019_Aralık,1.0380032062530518
1358-2019_Ekim,1.058854579925537
1358-2019_Eylül,0.9189140796661377
1358-2019_Kasım,0.8163121342658997
1359-2019_Ağustos,1.000657558441162
1359-2019_Aralık,1.0397146940231323
1359-2019_Ekim,1.0612989664077759
1359-2019_Eylül,0.9172477722167969
1359-2019_Kasım,0.8216838240623474
1360-2019_Ağustos,1.0088398456573486
1360-2019_Aralık,1.042309284210205
1360-2019_Ekim,1.0651956796646118
1360-2019_Eylül,0.9233001470565796
1360-2019_Kasım,0.8247519135475159
1361-2019_Ağustos,1.0144611597061157
1361-2019_Aralık,1.0524495840072632
1361-2019_Ekim,1.0690815448760986
1361-2019_Eylül,0.9247893691062927
1361-2019_Kasım,0.8338877558708191
1362-2019_Ağustos,1.0116446018218994
1362-2019_Aralık,1.05377197265625
1362-2019_Ekim,1.0691579580307007
1362-2019_Eylül,0.9241827726364136
1362-2019_Kasım,0.8341085314750671
1363-2019_Ağustos,0.9929302334785461
1363-2019_Aralık,1.037475347518921
1363-2019_Ekim,1.059438943862915
1363-2019_Eylül,0.9146149754524231
1363-2019_Kasım,0.8176948428153992
1364-2019_Ağustos,1.0437825918197632
1364-2019_Aralık,1.0698493719100952
1364-2019_Ekim,1.0816177129745483
1364-2019_Eylül,0.9365363121032715
1364-2019_Kasım,0.8530289530754089
1365-2019_Ağustos,1.0431934595108032
1365-2019_Aralık,1.073270320892334
1365-2019_Ekim,1.0820733308792114
1365-2019_Eylül,0.9399174451828003
1365-2019_Kasım,0.8560104370117188
1366-2019_Ağustos,1.0271177291870117
1366-2019_Aralık,1.0639784336090088
1366-2019_Ekim,1.075179100036621
1366-2019_Eylül,0.9312010407447815
1366-2019_Kasım,0.8452792763710022
1367-2019_Ağustos,1.0116214752197266
1367-2019_Aralık,1.0453267097473145
1367-2019_Ekim,1.0675081014633179
1367-2019_Eylül,0.9247232675552368
1367-2019_Kasım,0.827261209487915
1368-2019_Ağustos,1.0275700092315674
1368-2019_Aralık,1.0639691352844238
1368-2019_Ekim,1.0754212141036987
1368-2019_Eylül,0.9248648881912231
1368-2019_Kasım,0.8458799123764038
1369-2019_Ağustos,1.0405374765396118
1369-2019_Aralık,1.069471001625061
1369-2019_Ekim,1.0786699056625366
1369-2019_Eylül,0.9363951683044434
1369-2019_Kasım,0.8536065816879272
1370-2019_Ağustos,1.026390790939331
1370-2019_Aralık,1.0679044723510742
1370-2019_Ekim,1.0747283697128296
1370-2019_Eylül,0.934603750705719
1370-2019_Kasım,0.847986102104187
1371-2019_Ağustos,1.0249906778335571
1371-2019_Aralık,1.0602980852127075
1371-2019_Ekim,1.0721293687820435
1371-2019_Eylül,0.9293069839477539
1371-2019_Kasım,0.8427726030349731
1372-2019_Ağustos,1.0394158363342285
1372-2019_Aralık,1.067581057548523
1372-2019_Ekim,1.0777848958969116
1372-2019_Eylül,0.9352465271949768
1372-2019_Kasım,0.8516280651092529
1373-2019_Ağustos,1.0182216167449951
1373-2019_Aralık,1.0560272932052612
1373-2019_Ekim,1.0690683126449585
1373-2019_Eylül,0.9281583428382874
1373-2019_Kasım,0.8378820419311523
1374-2019_Ağustos,1.0435004234313965
1374-2019_Aralık,1.0725479125976562
1374-2019_Ekim,1.0828683376312256
1374-2019_Eylül,0.9434333443641663
1374-2019_Kasım,0.8530619144439697
1375-2019_Ağustos,1.0032144784927368
1375-2019_Aralık,1.0475778579711914
1375-2019_Ekim,1.0645575523376465
1375-2019_Eylül,0.9243407845497131
1375-2019_Kasım,0.8264626860618591
1376-2019_Ağustos,1.0114892721176147
1376-2019_Aralık,1.0512720346450806
1376-2019_Ekim,1.0678726434707642
1376-2019_Eylül,0.9232910871505737
1376-2019_Kasım,0.8323178887367249
1377-2019_Ağustos,1.0180678367614746
1377-2019_Aralık,1.060251235961914
1377-2019_Ekim,1.0719051361083984
1377-2019_Eylül,0.9338101148605347
1377-2019_Kasım,0.8385953903198242
1378-2019_Ağustos,1.0511788129806519
1378-2019_Aralık,1.0843254327774048
1378-2019_Ekim,1.0906319618225098
1378-2019_Eylül,0.9483307600021362
1378-2019_Kasım,0.8625269532203674
1379-2019_Ağustos,1.0299495458602905
1379-2019_Aralık,1.0655266046524048
1379-2019_Ekim,1.0760416984558105
1379-2019_Eylül,0.9364038705825806
1379-2019_Kasım,0.8461536765098572
1380-2019_Ağustos,1.0155417919158936
1380-2019_Aralık,1.0580456256866455
1380-2019_Ekim,1.0693951845169067
1380-2019_Eylül,0.9306743741035461
1380-2019_Kasım,0.837084174156189
1381-2019_Ağustos,1.0218896865844727
1381-2019_Aralık,1.0692286491394043
1381-2019_Ekim,1.0782883167266846
1381-2019_Eylül,0.935413658618927
1381-2019_Kasım,0.8440578579902649
1382-2019_Ağustos,1.0123531818389893
1382-2019_Aralık,1.0566798448562622
1382-2019_Ekim,1.068548321723938
1382-2019_Eylül,0.9258126616477966
1382-2019_Kasım,0.8361279368400574
1383-2019_Ağustos,1.0398144721984863
1383-2019_Aralık,1.0658951997756958
1383-2019_Ekim,1.0782132148742676
1383-2019_Eylül,0.9375759959220886
1383-2019_Kasım,0.848828136920929
1384-2019_Ağustos,1.0200464725494385
1384-2019_Aralık,1.0608803033828735
1384-2019_Ekim,1.074645757675171
1384-2019_Eylül,0.9382029175758362
1384-2019_Kasım,0.8382473587989807
1385-2019_Ağustos,1.011261224746704
1385-2019_Aralık,1.0571925640106201
1385-2019_Ekim,1.0669728517532349
1385-2019_Eylül,0.9261400699615479
1385-2019_Kasım,0.8365299701690674
1386-2019_Ağustos,1.0232672691345215
1386-2019_Aralık,1.0694559812545776
1386-2019_Ekim,1.0746769905090332
1386-2019_Eylül,0.9364338517189026
1386-2019_Kasım,0.8470576405525208
1387-2019_Ağustos,1.0180424451828003
1387-2019_Aralık,1.0588871240615845
1387-2019_Ekim,1.071061134338379
1387-2019_Eylül,0.9283747673034668
1387-2019_Kasım,0.8390811085700989
1388-2019_Ağustos,0.9939262270927429
1388-2019_Aralık,1.043196201324463
1388-2019_Ekim,1.060711145401001
1388-2019_Eylül,0.9228475093841553
1388-2019_Kasım,0.8200207948684692
1389-2019_Ağustos,0.9970130324363708
1389-2019_Aralık,1.0429059267044067
1389-2019_Ekim,1.0608785152435303
1389-2019_Eylül,0.9236831068992615
1389-2019_Kasım,0.8209741711616516
1390-2019_Ağustos,1.03330659866333
1390-2019_Aralık,1.0642523765563965
1390-2019_Ekim,1.0744166374206543
1390-2019_Eylül,0.9352862238883972
1390-2019_Kasım,0.8474203944206238
1391-2019_Ağustos,1.0661484003067017
1391-2019_Aralık,1.1083499193191528
1391-2019_Ekim,1.0950528383255005
1391-2019_Eylül,0.9582632780075073
1391-2019_Kasım,0.8825569152832031
1392-2019_Ağustos,1.0033845901489258
1392-2019_Aralık,1.0523295402526855
1392-2019_Ekim,1.065337896347046
1392-2019_Eylül,0.9301474094390869
1392-2019_Kasım,0.8286083340644836
1393-2019_Ağustos,1.0177319049835205
1393-2019_Aralık,1.0602654218673706
1393-2019_Ekim,1.0722033977508545
1393-2019_Eylül,0.9343038201332092
1393-2019_Kasım,0.838161051273346
1394-2019_Ağustos,1.0388860702514648
1394-2019_Aralık,1.0723376274108887
1394-2019_Ekim,1.0768264532089233
1394-2019_Eylül,0.9361904263496399
1394-2019_Kasım,0.8550447225570679
1395-2019_Ağustos,1.016040563583374
1395-2019_Aralık,1.0611776113510132
1395-2019_Ekim,1.0720690488815308
1395-2019_Eylül,0.9336286187171936
1395-2019_Kasım,0.8379831910133362
1396-2019_Ağustos,1.0138803720474243
1396-2019_Aralık,1.0622657537460327
1396-2019_Ekim,1.0693081617355347
1396-2019_Eylül,0.9306931495666504
1396-2019_Kasım,0.8395156860351562
1397-2019_Ağustos,1.0421714782714844
1397-2019_Aralık,1.080756425857544
1397-2019_Ekim,1.0817369222640991
1397-2019_Eylül,0.9446358680725098
1397-2019_Kasım,0.8592782020568848
1398-2019_Ağustos,1.0192382335662842
1398-2019_Aralık,1.0613325834274292
1398-2019_Ekim,1.0688337087631226
1398-2019_Eylül,0.9311043620109558
1398-2019_Kasım,0.8408291339874268
1399-2019_Ağustos,1.0282427072525024
1399-2019_Aralık,1.0693385601043701
1399-2019_Ekim,1.0744303464889526
1399-2019_Eylül,0.9398775696754456
1399-2019_Kasım,0.8481267094612122
1400-2019_Ağustos,1.0233523845672607
1400-2019_Aralık,1.0719116926193237
1400-2019_Ekim,1.0744192600250244
1400-2019_Eylül,0.9366427659988403
1400-2019_Kasım,0.8481835722923279
1401-2019_Ağustos,1.0151346921920776
1401-2019_Aralık,1.0627632141113281
1401-2019_Ekim,1.0697212219238281
1401-2019_Eylül,0.9355547428131104
1401-2019_Kasım,0.8392054438591003
1402-2019_Ağustos,1.0216584205627441
1402-2019_Aralık,1.0629557371139526
1402-2019_Ekim,1.0708222389221191
1402-2019_Eylül,0.9359253644943237
1402-2019_Kasım,0.842016875743866
1403-2019_Ağustos,1.042710304260254
1403-2019_Aralık,1.0791112184524536
1403-2019_Ekim,1.0813323259353638
1403-2019_Eylül,0.9476486444473267
1403-2019_Kasım,0.8583647608757019
1404-2019_Ağustos,0.9792092442512512
1404-2019_Aralık,1.0763407945632935
1404-2019_Ekim,1.1263164281845093
1404-2019_Eylül,0.9268775582313538
1404-2019_Kasım,0.8327672481536865
1405-2019_Ağustos,1.0288074016571045
1405-2019_Aralık,1.0681794881820679
1405-2019_Ekim,1.072924017906189
1405-2019_Eylül,0.9342745542526245
1405-2019_Kasım,0.8491798639297485
1406-2019_Ağustos,1.0345325469970703
1406-2019_Aralık,1.07247793674469
1406-2019_Ekim,1.0757871866226196
1406-2019_Eylül,0.9422346353530884
1406-2019_Kasım,0.852526068687439
1407-2019_Ağustos,1.0203068256378174
1407-2019_Aralık,1.0587620735168457
1407-2019_Ekim,1.0681394338607788
1407-2019_Eylül,0.9316584467887878
1407-2019_Kasım,0.839759349822998
1408-2019_Ağustos,1.0105165243148804
1408-2019_Aralık,1.0619988441467285
1408-2019_Ekim,1.0687446594238281
1408-2019_Eylül,0.934674859046936
1408-2019_Kasım,0.8360230326652527
1409-2019_Ağustos,1.0142221450805664
1409-2019_Aralık,1.0613839626312256
1409-2019_Ekim,1.0682493448257446
1409-2019_Eylül,0.9343346357345581
1409-2019_Kasım,0.8387498259544373
1410-2019_Ağustos,1.0500537157058716
1410-2019_Aralık,1.085031509399414
1410-2019_Ekim,1.0841807126998901
1410-2019_Eylül,0.948875367641449
1410-2019_Kasım,0.8653052449226379
1411-2019_Ağustos,1.0432155132293701
1411-2019_Aralık,1.0798896551132202
1411-2019_Ekim,1.0793401002883911
1411-2019_Eylül,0.9444071650505066
1411-2019_Kasım,0.8601825833320618
1412-2019_Ağustos,1.022548794746399
1412-2019_Aralık,1.0674209594726562
1412-2019_Ekim,1.072634220123291
1412-2019_Eylül,0.935625433921814
1412-2019_Kasım,0.8449798226356506
1413-2019_Ağustos,1.0162452459335327
1413-2019_Aralık,1.0642386674880981
1413-2019_Ekim,1.0689561367034912
1413-2019_Eylül,0.9374487996101379
1413-2019_Kasım,0.8407385945320129
1414-2019_Ağustos,1.0260684490203857
1414-2019_Aralık,1.0705928802490234
1414-2019_Ekim,1.0727680921554565
1414-2019_Eylül,0.9397225379943848
1414-2019_Kasım,0.8478791117668152
1415-2019_Ağustos,1.0235481262207031
1415-2019_Aralık,1.0671947002410889
1415-2019_Ekim,1.0757251977920532
1415-2019_Eylül,0.9420860409736633
1415-2019_Kasım,0.8420221209526062
1416-2019_Ağustos,1.0151032209396362
1416-2019_Aralık,1.0640069246292114
1416-2019_Ekim,1.066339135169983
1416-2019_Eylül,0.9350054264068604
1416-2019_Kasım,0.8407875299453735
1417-2019_Ağustos,1.0144433975219727
1417-2019_Aralık,1.0639675855636597
1417-2019_Ekim,1.069288969039917
1417-2019_Eylül,0.9395542144775391
1417-2019_Kasım,0.8390945792198181
1418-2019_Ağustos,1.027241826057434
1418-2019_Aralık,1.0716322660446167
1418-2019_Ekim,1.073947787284851
1418-2019_Eylül,0.9406416416168213
1418-2019_Kasım,0.8484440445899963
1419-2019_Ağustos,1.0112615823745728
1419-2019_Aralık,1.0611463785171509
1419-2019_Ekim,1.0663055181503296
1419-2019_Eylül,0.9384981393814087
1419-2019_Kasım,0.836785614490509
1420-2019_Ağustos,1.0313166379928589
1420-2019_Aralık,1.0762207508087158
1420-2019_Ekim,1.0773353576660156
1420-2019_Eylül,0.9436390399932861
1420-2019_Kasım,0.8520958423614502
1421-2019_Ağustos,1.030379295349121
1421-2019_Aralık,1.0742391347885132
1421-2019_Ekim,1.0751904249191284
1421-2019_Eylül,0.9420785307884216
1421-2019_Kasım,0.8509089350700378
1422-2019_Ağustos,1.017191767692566
1422-2019_Aralık,1.0630820989608765
1422-2019_Ekim,1.0673556327819824
1422-2019_Eylül,0.9356037974357605
1422-2019_Kasım,0.8409394025802612
1423-2019_Ağustos,1.0727190971374512
1423-2019_Aralık,1.1079708337783813
1423-2019_Ekim,1.0964066982269287
1423-2019_Eylül,0.9638334512710571
1423-2019_Kasım,0.883368730545044
1424-2019_Ağustos,1.0192421674728394
1424-2019_Aralık,1.0695832967758179
1424-2019_Ekim,1.0740082263946533
1424-2019_Eylül,0.9406652450561523
1424-2019_Kasım,0.8429979681968689
1425-2019_Ağustos,1.0107885599136353
1425-2019_Aralık,1.0613644123077393
1425-2019_Ekim,1.0653727054595947
1425-2019_Eylül,0.9351670742034912
1425-2019_Kasım,0.8370711207389832
1426-2019_Ağustos,1.0286078453063965
1426-2019_Aralık,1.0729871988296509
1426-2019_Ekim,1.070092797279358
1426-2019_Eylül,0.936920166015625
1426-2019_Kasım,0.852740466594696
1427-2019_Ağustos,1.0186980962753296
1427-2019_Aralık,1.0679211616516113
1427-2019_Ekim,1.0690754652023315
1427-2019_Eylül,0.9386793971061707
1427-2019_Kasım,0.8440917730331421
1428-2019_Ağustos,1.0140576362609863
1428-2019_Aralık,1.0651568174362183
1428-2019_Ekim,1.066217064857483
1428-2019_Eylül,0.9378921389579773
1428-2019_Kasım,0.8405513763427734
1429-2019_Ağustos,1.0384997129440308
1429-2019_Aralık,1.0745060443878174
1429-2019_Ekim,1.078404188156128
1429-2019_Eylül,0.9440699815750122
1429-2019_Kasım,0.85157310962677
1430-2019_Ağustos,1.0239629745483398
1430-2019_Aralık,1.0733323097229004
1430-2019_Ekim,1.0721360445022583
1430-2019_Eylül,0.9415926337242126
1430-2019_Kasım,0.8486934304237366
1431-2019_Ağustos,1.0299147367477417
1431-2019_Aralık,1.0766993761062622
1431-2019_Ekim,1.0761927366256714
1431-2019_Eylül,0.941811740398407
1431-2019_Kasım,0.8525682687759399
1432-2019_Ağustos,1.0550222396850586
1432-2019_Aralık,1.096000075340271
1432-2019_Ekim,1.0878571271896362
1432-2019_Eylül,0.9548718929290771
1432-2019_Kasım,0.8712044954299927
1433-2019_Ağustos,1.0448075532913208
1433-2019_Aralık,1.085971474647522
1433-2019_Ekim,1.083601713180542
1433-2019_Eylül,0.9525154232978821
1433-2019_Kasım,0.8609309196472168
1434-2019_Ağustos,1.02790367603302
1434-2019_Aralık,1.0798017978668213
1434-2019_Ekim,1.07181715965271
1434-2019_Eylül,0.940054714679718
1434-2019_Kasım,0.8554670214653015
1435-2019_Ağustos,1.0499814748764038
1435-2019_Aralık,1.0896472930908203
1435-2019_Ekim,1.0809476375579834
1435-2019_Eylül,0.9483562111854553
1435-2019_Kasım,0.8669742345809937
1436-2019_Ağustos,1.0324954986572266
1436-2019_Aralık,1.0751758813858032
1436-2019_Ekim,1.0732357501983643
1436-2019_Eylül,0.9412958025932312
1436-2019_Kasım,0.853751540184021
1437-2019_Ağustos,1.0399707555770874
1437-2019_Aralık,1.0781872272491455
1437-2019_Ekim,1.0783718824386597
1437-2019_Eylül,0.9497255682945251
1437-2019_Kasım,0.8570969700813293
1438-2019_Ağustos,1.0455529689788818
1438-2019_Aralık,1.09268319606781
1438-2019_Ekim,1.0840928554534912
1438-2019_Eylül,0.9550055861473083
1438-2019_Kasım,0.8672219514846802
1439-2019_Ağustos,1.0323100090026855
1439-2019_Aralık,1.0784558057785034
1439-2019_Ekim,1.079025149345398
1439-2019_Eylül,0.9494783282279968
1439-2019_Kasım,0.8530189990997314
1440-2019_Ağustos,1.0315675735473633
1440-2019_Aralık,1.0810381174087524
1440-2019_Ekim,1.0755194425582886
1440-2019_Eylül,0.9482986330986023
1440-2019_Kasım,0.8555745482444763
1441-2019_Ağustos,1.0294829607009888
1441-2019_Aralık,1.0773646831512451
1441-2019_Ekim,1.0742096900939941
1441-2019_Eylül,0.9462010264396667
1441-2019_Kasım,0.8526437878608704
1442-2019_Ağustos,1.0511144399642944
1442-2019_Aralık,1.0941449403762817
1442-2019_Ekim,1.0840550661087036
1442-2019_Eylül,0.9487824440002441
1442-2019_Kasım,0.8693327307701111
1443-2019_Ağustos,1.1023057699203491
1443-2019_Aralık,1.153813123703003
1443-2019_Ekim,1.1255639791488647
1443-2019_Eylül,0.9969314932823181
1443-2019_Kasım,0.92046719789505
1444-2019_Ağustos,1.0504939556121826
1444-2019_Aralık,1.095852255821228
1444-2019_Ekim,1.0832589864730835
1444-2019_Eylül,0.9506796598434448
1444-2019_Kasım,0.8697351217269897
1445-2019_Ağustos,1.0457565784454346
1445-2019_Aralık,1.0822489261627197
1445-2019_Ekim,1.0814533233642578
1445-2019_Eylül,0.9515824317932129
1445-2019_Kasım,0.8601128458976746
1446-2019_Ağustos,1.0259389877319336
1446-2019_Aralık,1.0748569965362549
1446-2019_Ekim,1.0742058753967285
1446-2019_Eylül,0.9478062391281128
1446-2019_Kasım,0.8491721153259277
1447-2019_Ağustos,1.0189106464385986
1447-2019_Aralık,1.0747476816177368
1447-2019_Ekim,1.0723642110824585
1447-2019_Eylül,0.9482531547546387
1447-2019_Kasım,0.8466512560844421
1448-2019_Ağustos,1.0343950986862183
1448-2019_Aralık,1.0788978338241577
1448-2019_Ekim,1.0750401020050049
1448-2019_Eylül,0.9471317529678345
1448-2019_Kasım,0.8554251790046692
1449-2019_Ağustos,1.020340085029602
1449-2019_Aralık,1.0697174072265625
1449-2019_Ekim,1.073325276374817
1449-2019_Eylül,0.9419276118278503
1449-2019_Kasım,0.8428792953491211
1450-2019_Ağustos,1.0403603315353394
1450-2019_Aralık,1.0903043746948242
1450-2019_Ekim,1.0798536539077759
1450-2019_Eylül,0.9513565301895142
1450-2019_Kasım,0.863593339920044
1451-2019_Ağustos,1.0468034744262695
1451-2019_Aralık,1.0930646657943726
1451-2019_Ekim,1.0803022384643555
1451-2019_Eylül,0.9547283053398132
1451-2019_Kasım,0.8691601157188416
1452-2019_Ağustos,1.034883737564087
1452-2019_Aralık,1.0824750661849976
1452-2019_Ekim,1.0789601802825928
1452-2019_Eylül,0.9509803056716919
1452-2019_Kasım,0.8560755848884583
1453-2019_Ağustos,1.0326708555221558
1453-2019_Aralık,1.0830281972885132
1453-2019_Ekim,1.0781257152557373
1453-2019_Eylül,0.952482283115387
1453-2019_Kasım,0.8546974658966064
1454-2019_Ağustos,1.0649088621139526
1454-2019_Aralık,1.0983283519744873
1454-2019_Ekim,1.0928593873977661
1454-2019_Eylül,0.9640036225318909
1454-2019_Kasım,0.8749494552612305
1455-2019_Ağustos,1.056562900543213
1455-2019_Aralık,1.0915778875350952
1455-2019_Ekim,1.084033489227295
1455-2019_Eylül,0.9525200724601746
1455-2019_Kasım,0.8699239492416382
1456-2019_Ağustos,1.0421861410140991
1456-2019_Aralık,1.0898714065551758
1456-2019_Ekim,1.0776084661483765
1456-2019_Eylül,0.9498891830444336
1456-2019_Kasım,0.8651050329208374
1457-2019_Ağustos,0.9067078232765198
1457-2019_Aralık,1.1848266124725342
1457-2019_Ekim,1.0469622611999512
1457-2019_Eylül,0.9782110452651978
1457-2019_Kasım,0.9088780283927917
1458-2019_Ağustos,1.0450636148452759
1458-2019_Aralık,1.0889655351638794
1458-2019_Ekim,1.0804831981658936
1458-2019_Eylül,0.9521404504776001
1458-2019_Kasım,0.8640967011451721
1459-2019_Ağustos,1.033063530921936
1459-2019_Aralık,1.080751895904541
1459-2019_Ekim,1.0797711610794067
1459-2019_Eylül,0.9534626603126526
1459-2019_Kasım,0.851428210735321
1460-2019_Ağustos,1.0558947324752808
1460-2019_Aralık,1.0979540348052979
1460-2019_Ekim,1.0858752727508545
1460-2019_Eylül,0.9557779431343079
1460-2019_Kasım,0.8720872402191162
1461-2019_Ağustos,1.0366066694259644
1461-2019_Aralık,1.0854884386062622
1461-2019_Ekim,1.075911521911621
1461-2019_Eylül,0.9484221339225769
1461-2019_Kasım,0.860532283782959
1462-2019_Ağustos,1.0676352977752686
1462-2019_Aralık,1.1092934608459473
1462-2019_Ekim,1.0906461477279663
1462-2019_Eylül,0.9623939990997314
1462-2019_Kasım,0.8832011222839355
1463-2019_Ağustos,1.0648728609085083
1463-2019_Aralık,1.1034152507781982
1463-2019_Ekim,1.093528151512146
1463-2019_Eylül,0.9648836851119995
1463-2019_Kasım,0.8772369623184204
1464-2019_Ağustos,1.05601167678833
1464-2019_Aralık,1.099398136138916
1464-2019_Ekim,1.0890233516693115
1464-2019_Eylül,0.9549009203910828
1464-2019_Kasım,0.8725775480270386
1465-2019_Ağustos,1.0297476053237915
1465-2019_Aralık,1.0826536417007446
1465-2019_Ekim,1.0754098892211914
1465-2019_Eylül,0.9501459002494812
1465-2019_Kasım,0.8554785251617432
1466-2019_Ağustos,1.053610920906067
1466-2019_Aralık,1.092010498046875
1466-2019_Ekim,1.0829720497131348
1466-2019_Eylül,0.9552403092384338
1466-2019_Kasım,0.8690521121025085
1467-2019_Ağustos,1.0350265502929688
1467-2019_Aralık,1.085653305053711
1467-2019_Ekim,1.0783196687698364
1467-2019_Eylül,0.9500339031219482
1467-2019_Kasım,0.8574459552764893
1468-2019_Ağustos,1.0506972074508667
1468-2019_Aralık,1.0958855152130127
1468-2019_Ekim,1.0819553136825562
1468-2019_Eylül,0.9507513046264648
1468-2019_Kasım,0.8707945942878723
1469-2019_Ağustos,1.0520812273025513
1469-2019_Aralık,1.0958324670791626
1469-2019_Ekim,1.0817883014678955
1469-2019_Eylül,0.9559259414672852
1469-2019_Kasım,0.8722419142723083
1470-2019_Ağustos,1.0547410249710083
1470-2019_Aralık,1.0954930782318115
1470-2019_Ekim,1.0869137048721313
1470-2019_Eylül,0.9585071206092834
1470-2019_Kasım,0.8692790865898132
1471-2019_Ağustos,1.0583206415176392
1471-2019_Aralık,1.10432767868042
1471-2019_Ekim,1.087807059288025
1471-2019_Eylül,0.9570925831794739
1471-2019_Kasım,0.8762872815132141
1472-2019_Ağustos,1.043558120727539
1472-2019_Aralık,1.0928831100463867
1472-2019_Ekim,1.0804516077041626
1472-2019_Eylül,0.9541745781898499
1472-2019_Kasım,0.8656713366508484
1473-2019_Ağustos,1.0370687246322632
1473-2019_Aralık,1.0862895250320435
1473-2019_Ekim,1.0782413482666016
1473-2019_Eylül,0.950577437877655
1473-2019_Kasım,0.8594500422477722
1474-2019_Ağustos,1.027890682220459
1474-2019_Aralık,1.0831494331359863
1474-2019_Ekim,1.075024962425232
1474-2019_Eylül,0.9527862668037415
1474-2019_Kasım,0.8542437553405762
1475-2019_Ağustos,1.0665054321289062
1475-2019_Aralık,1.1027418375015259
1475-2019_Ekim,1.0918961763381958
1475-2019_Eylül,0.9559932351112366
1475-2019_Kasım,0.8788373470306396
1476-2019_Ağustos,1.0524814128875732
1476-2019_Aralık,1.0954715013504028
1476-2019_Ekim,1.0827854871749878
1476-2019_Eylül,0.9568877816200256
1476-2019_Kasım,0.8713037371635437
1477-2019_Ağustos,1.0422515869140625
1477-2019_Aralık,1.0895169973373413
1477-2019_Ekim,1.0811364650726318
1477-2019_Eylül,0.9559392333030701
1477-2019_Kasım,0.8622158169746399
1478-2019_Ağustos,1.0526351928710938
1478-2019_Aralık,1.0952942371368408
1478-2019_Ekim,1.0849868059158325
1478-2019_Eylül,0.9537437558174133
1478-2019_Kasım,0.8693453669548035
1479-2019_Ağustos,1.0577212572097778
1479-2019_Aralık,1.0948325395584106
1479-2019_Ekim,1.0893223285675049
1479-2019_Eylül,0.9595326781272888
1479-2019_Kasım,0.8689276576042175
1480-2019_Ağustos,1.0491893291473389
1480-2019_Aralık,1.098905086517334
1480-2019_Ekim,1.0877796411514282
1480-2019_Eylül,0.9621106386184692
1480-2019_Kasım,0.8680803179740906
1481-2019_Ağustos,1.0534539222717285
1481-2019_Aralık,1.0944572687149048
1481-2019_Ekim,1.0865364074707031
1481-2019_Eylül,0.9582685828208923
1481-2019_Kasım,0.8677206635475159
1482-2019_Ağustos,1.0421494245529175
1482-2019_Aralık,1.089674949645996
1482-2019_Ekim,1.0813870429992676
1482-2019_Eylül,0.9536854028701782
1482-2019_Kasım,0.8615537285804749
1483-2019_Ağustos,1.0517669916152954
1483-2019_Aralık,1.0955761671066284
1483-2019_Ekim,1.0821988582611084
1483-2019_Eylül,0.9543390274047852
1483-2019_Kasım,0.870679497718811
1484-2019_Ağustos,1.0473096370697021
1484-2019_Aralık,1.0960042476654053
1484-2019_Ekim,1.0840305089950562
1484-2019_Eylül,0.9565555453300476
1484-2019_Kasım,0.8671834468841553
1485-2019_Ağustos,1.045059323310852
1485-2019_Aralık,1.094384789466858
1485-2019_Ekim,1.0845223665237427
1485-2019_Eylül,0.9579899907112122
1485-2019_Kasım,0.8653302788734436
1486-2019_Ağustos,0.9718084931373596
1486-2019_Aralık,1.1157363653182983
1486-2019_Ekim,1.1447649002075195
1486-2019_Eylül,0.9553492665290833
1486-2019_Kasım,0.8556170463562012
1487-2019_Ağustos,1.0775114297866821
1487-2019_Aralık,1.1121512651443481
1487-2019_Ekim,1.0941414833068848
1487-2019_Eylül,0.9635162353515625
1487-2019_Kasım,0.8885242342948914
1488-2019_Ağustos,1.0660667419433594
1488-2019_Aralık,1.1165812015533447
1488-2019_Ekim,1.0902502536773682
1488-2019_Eylül,0.9600845575332642
1488-2019_Kasım,0.8864338397979736
1489-2019_Ağustos,1.0461170673370361
1489-2019_Aralık,1.0930675268173218
1489-2019_Ekim,1.0818846225738525
1489-2019_Eylül,0.9552212953567505
1489-2019_Kasım,0.865679919719696
1490-2019_Ağustos,1.0527583360671997
1490-2019_Aralık,1.0982789993286133
1490-2019_Ekim,1.0847634077072144
1490-2019_Eylül,0.9555854797363281
1490-2019_Kasım,0.8710705041885376
1491-2019_Ağustos,1.047834873199463
1491-2019_Aralık,1.0955415964126587
1491-2019_Ekim,1.0840688943862915
1491-2019_Eylül,0.9559975266456604
1491-2019_Kasım,0.8670885562896729
1492-2019_Ağustos,1.0485135316848755
1492-2019_Aralık,1.100700855255127
1492-2019_Ekim,1.0859521627426147
1492-2019_Eylül,0.9603754281997681
1492-2019_Kasım,0.8697618246078491
1493-2019_Ağustos,1.0511351823806763
1493-2019_Aralık,1.0998371839523315
1493-2019_Ekim,1.0858134031295776
1493-2019_Eylül,0.9620494842529297
1493-2019_Kasım,0.8703607320785522
1494-2019_Ağustos,1.0453130006790161
1494-2019_Aralık,1.0988960266113281
1494-2019_Ekim,1.0825798511505127
1494-2019_Eylül,0.9567731618881226
1494-2019_Kasım,0.8679797649383545
1495-2019_Ağustos,1.048251748085022
1495-2019_Aralık,1.0995787382125854
1495-2019_Ekim,1.0863573551177979
1495-2019_Eylül,0.962252676486969
1495-2019_Kasım,0.8685175776481628
1496-2019_Ağustos,1.0482107400894165
1496-2019_Aralık,1.0935381650924683
1496-2019_Ekim,1.0878444910049438
1496-2019_Eylül,0.9645276665687561
1496-2019_Kasım,0.864841878414154
1497-2019_Ağustos,1.0630226135253906
1497-2019_Aralık,1.1055115461349487
1497-2019_Ekim,1.0908957719802856
1497-2019_Eylül,0.9598760008811951
1497-2019_Kasım,0.8783360123634338
1498-2019_Ağustos,1.0330816507339478
1498-2019_Aralık,1.0909137725830078
1498-2019_Ekim,1.0790470838546753
1498-2019_Eylül,0.960561215877533
1498-2019_Kasım,0.8600685000419617
1499-2019_Ağustos,1.075907588005066
1499-2019_Aralık,1.107068657875061
1499-2019_Ekim,1.091324806213379
1499-2019_Eylül,0.9624870419502258
1499-2019_Kasım,0.8855471014976501
